"dim","birth","death"
0,0,0.00133469631224863
0,0,0.00133554473859239
0,0,0.00134627140299497
0,0,0.00140476280435078
0,0,0.00157760101539731
0,0,0.0019210111611962
0,0,0.00196896005342303
0,0,0.00198351244178182
0,0,0.00210234808861128
0,0,0.00217284850650789
0,0,0.00231366854248326
0,0,0.00233268485470094
0,0,0.00244339038047693
0,0,0.00249580866091508
0,0,0.00251714919773392
0,0,0.00253581031777288
0,0,0.00254438185285501
0,0,0.00256488405507641
0,0,0.00282864414547951
0,0,0.00286488675597192
0,0,0.00291905975610047
0,0,0.00298983911783576
0,0,0.00302336158109073
0,0,0.00307240913417442
0,0,0.00315048264525931
0,0,0.00318041710580021
0,0,0.00349645933038309
0,0,0.00352967386033713
0,0,0.00355330450738002
0,0,0.00378950155030728
0,0,0.00380872519095071
0,0,0.00396145298734811
0,0,0.00401903614918036
0,0,0.00403603260883787
0,0,0.00409501425858611
0,0,0.0041438083621334
0,0,0.00417105857802632
0,0,0.00423372270910728
0,0,0.0045563286255836
0,0,0.00459665841716028
0,0,0.00461093448834631
0,0,0.00473814163792215
0,0,0.00480968096720462
0,0,0.00482503392885935
0,0,0.00491592869710341
0,0,0.00501862566204584
0,0,0.00503702709740679
0,0,0.0054829579651688
0,0,0.00556430409391872
0,0,0.00562734991650984
0,0,0.00574086190109212
0,0,0.0057588379087538
0,0,0.00580666893797448
0,0,0.00595911768249574
0,0,0.00605852696406494
0,0,0.00618218550193918
0,0,0.00626608316033564
0,0,0.00657142101521109
0,0,0.0066267673187378
0,0,0.00691391024941559
0,0,0.00691413859613406
0,0,0.0073431481912762
0,0,0.00735975032356362
0,0,0.00740801593084144
0,0,0.00763947512024041
0,0,0.00764474630986957
0,0,0.00773575647230432
0,0,0.00792626186614625
0,0,0.00803221153701449
0,0,0.00822828418602295
0,0,0.00837502083276531
0,0,0.00883799027802316
0,0,0.00902225154426554
0,0,0.0096071700822086
0,0,0.0100539143745776
0,0,0.0107272840685431
0,0,0.0108233196757137
0,0,0.0114194749090297
0,0,0.0114956378440301
0,0,0.01196579390961
0,0,0.012230687891093
0,0,0.0136471950460823
0,0,0.0141495293941368
0,0,0.0143810289309856
0,0,0.0196692857241704
0,0,0.0197163407735156
0,0,0.0199362968446318
0,0,0.0204916883369776
0,0,0.021006074118433
0,0,0.0232309650443542
0,0,0.0240756268329212
0,0,0.024151501435795
0,0,0.0248017528526267
0,0,0.0248108582303329
0,0,0.0270454227565516
0,0,0.0282933427802922
0,0,0.0284737374808297
0,0,0.0289869205188163
0,0,0.0291216899540431
0,0,0.0292427425347284
0,0,0.0292969616903324
0,0,0.0293108929453757
0,0,0.0297936974596861
0,0,0.0311740832351793
0,0,0.0316841086227707
0,0,0.0317230680696382
0,0,0.0321243137362525
0,0,0.0323984982058822
0,0,0.0327224837760564
0,0,0.032799130356559
0,0,0.0329582731386664
0,0,0.0350483090278127
0,0,0.0370362016909922
0,0,0.0387000387170174
0,0,0.0389513205905565
0,0,0.0398833235900858
0,0,0.0401554687366882
0,0,0.0407138478246714
0,0,0.0428748698053953
0,0,0.0440855244203645
0,0,0.0444182714912639
0,0,0.0446459924913078
0,0,0.0449105512090853
0,0,0.0459669684235805
0,0,0.046236864631846
0,0,0.0466035070405468
0,0,0.0469303942363657
0,0,0.0474346718491913
0,0,0.0474573821812619
0,0,0.0477949566341618
0,0,0.0481890671516914
0,0,0.0482376291686742
0,0,0.0482439305617446
0,0,0.0491128305142149
0,0,0.0494187476448532
0,0,0.0499569821633708
0,0,0.0503269023560034
0,0,0.0503944294887123
0,0,0.0507118525938204
0,0,0.0519550352018257
0,0,0.0526720346515864
0,0,0.0527932127395106
0,0,0.0539883973873098
0,0,0.0544542126983113
0,0,0.0555236353880413
0,0,0.0570091078119311
0,0,0.0570771923799123
0,0,0.0585438119925914
0,0,0.0585850775195936
0,0,0.0586563757678302
0,0,0.058981259546275
0,0,0.0593197342550078
0,0,0.0599298576502387
0,0,0.0609927497579446
0,0,0.0621703990738423
0,0,0.0624348568181934
0,0,0.0625262521836353
0,0,0.0626546326336224
0,0,0.0631891820685342
0,0,0.0632632633371362
0,0,0.064100289399975
0,0,0.0641730485975112
0,0,0.064600328103077
0,0,0.0648568594256097
0,0,0.0648568893576107
0,0,0.0651259423993791
0,0,0.0662538626393947
0,0,0.0666059624689134
0,0,0.0668202131328355
0,0,0.0673987304313978
0,0,0.0681933101185651
0,0,0.0689222861317375
0,0,0.0690910040892476
0,0,0.071407076981934
0,0,0.0723706541174855
0,0,0.0724530473758356
0,0,0.0725645868792709
0,0,0.0738656106816371
0,0,0.0740544403329757
0,0,0.0746345937456483
0,0,0.0750384405606057
0,0,0.0751260280092065
0,0,0.0754457619905526
0,0,0.0754519204789855
0,0,0.0761423952371362
0,0,0.0765159657814945
0,0,0.0784377623552373
0,0,0.0790100349326316
0,0,0.0791597731831121
0,0,0.079243285040338
0,0,0.0792749609674297
0,0,0.079698780935235
0,0,0.0797071452235017
0,0,0.0799630477551832
0,0,0.0803002908553258
0,0,0.0803544875937799
0,0,0.0805294904299799
0,0,0.0808414480151809
0,0,0.0811298638329682
0,0,0.081580129616988
0,0,0.0822917100811257
0,0,0.0825126977143131
0,0,0.0827914501855694
0,0,0.0830850116467481
0,0,0.0835321391279437
0,0,0.0835956167390104
0,0,0.084281865153074
0,0,0.0843195429351577
0,0,0.0844286381452795
0,0,0.0854552674316722
0,0,0.085614488866565
0,0,0.0881057631323686
0,0,0.0885030537410067
0,0,0.0885971022813221
0,0,0.08873895074689
0,0,0.0893113529267997
0,0,0.089767049510895
0,0,0.089919006692075
0,0,0.0899530922680188
0,0,0.0900985623160572
0,0,0.0907728781261994
0,0,0.0915032229667404
0,0,0.0915569708839371
0,0,0.0917017340050957
0,0,0.0917686980991954
0,0,0.0917825792957543
0,0,0.091963706308859
0,0,0.0929027949552822
0,0,0.0931070063571051
0,0,0.0931334011355614
0,0,0.0933022496616695
0,0,0.0939093357633822
0,0,0.094474129636273
0,0,0.0945370092308057
0,0,0.0946823639136664
0,0,0.094786700648359
0,0,0.0958885599219788
0,0,0.0961040536716703
0,0,0.096155924568517
0,0,0.0964250658663456
0,0,0.0976012604734878
0,0,0.0976333749090517
0,0,0.0977271047455743
0,0,0.098402495638706
0,0,0.0989351943899027
0,0,0.0991681069048772
0,0,0.0993903489552489
0,0,0.0996739373507204
0,0,0.0999188099922604
0,0,0.101083137998609
0,0,0.101239751726655
0,0,0.101562075465793
0,0,0.102697507608671
0,0,0.102750789607114
0,0,0.103204911509858
0,0,0.103667936169811
0,0,0.104133842688779
0,0,0.104449855497928
0,0,0.105283797585398
0,0,0.105320435636704
0,0,0.107182041697677
0,0,0.107240969591022
0,0,0.108412825893378
0,0,0.108441815525415
0,0,0.10848184149704
0,0,0.110026322211722
0,0,0.11078178005315
0,0,0.110830071765918
0,0,0.111063797423848
0,0,0.111430665939673
0,0,0.111653189364554
0,0,0.112111411022101
0,0,0.112249575038123
0,0,0.112724437945996
0,0,0.113464557389018
0,0,0.113480124215951
0,0,0.114072400128371
0,0,0.114166603115722
0,0,0.114213336164602
0,0,0.114736018456855
0,0,0.11479447016673
0,0,0.115253660514166
0,0,0.11544491089228
0,0,0.116206614174005
0,0,0.118903341290677
0,0,0.119614829654446
0,0,0.11984822943102
0,0,0.120049850073216
0,0,0.121293431574068
0,0,0.121298387245416
0,0,0.122255264755341
0,0,0.122435495259322
0,0,0.122758464301866
0,0,0.124653313862125
0,0,0.1247884051944
0,0,0.124983760699794
0,0,0.125072471592497
0,0,0.127594199344394
0,0,0.127873269126152
0,0,0.128010152521842
0,0,0.128366862429855
0,0,0.128477717614768
0,0,0.129009120018444
0,0,0.129061745180775
0,0,0.129457451930971
0,0,0.129652203748073
0,0,0.130087832662906
0,0,0.130320655036987
0,0,0.130536901045722
0,0,0.130893142567196
0,0,0.130985096462806
0,0,0.131559819363144
0,0,0.132104353756258
0,0,0.132802522341592
0,0,0.133055057461114
0,0,0.13357607798591
0,0,0.133636166678634
0,0,0.133686889484517
0,0,0.133732680902901
0,0,0.134565763815522
0,0,0.135048680253901
0,0,0.135389322565761
0,0,0.135749339135585
0,0,0.137113932156873
0,0,0.137119837815161
0,0,0.137176737585284
0,0,0.138043156165184
0,0,0.139325877137504
0,0,0.139373233172394
0,0,0.139847271864914
0,0,0.140015309089895
0,0,0.140456852505939
0,0,0.141170371652731
0,0,0.141258266590131
0,0,0.141463233224977
0,0,0.143092199994412
0,0,0.143211863212324
0,0,0.143520030938245
0,0,0.143716223499685
0,0,0.143833642166661
0,0,0.144170764159022
0,0,0.144222347194069
0,0,0.14439328492558
0,0,0.144464140406008
0,0,0.14460562547102
0,0,0.144969280106739
0,0,0.145748296564768
0,0,0.14576782801829
0,0,0.146139824008927
0,0,0.146756572298543
0,0,0.147510512215994
0,0,0.14773417295939
0,0,0.14800459908955
0,0,0.148079898336341
0,0,0.148182024178823
0,0,0.149563639862272
0,0,0.15034281504712
0,0,0.150410725947332
0,0,0.150527184932502
0,0,0.150693014165465
0,0,0.150754961527069
0,0,0.151957470890564
0,0,0.152138317518966
0,0,0.153377739318196
0,0,0.153496634400119
0,0,0.154346426867255
0,0,0.154752586669974
0,0,0.15502856429005
0,0,0.155278951771819
0,0,0.155562926423604
0,0,0.157247547546255
0,0,0.157829814170976
0,0,0.158478216757007
0,0,0.158515725784654
0,0,0.159734535522681
0,0,0.160217865981695
0,0,0.16064782274491
0,0,0.160770646437527
0,0,0.160919434547655
0,0,0.161541317096246
0,0,0.162080795187585
0,0,0.162221455109809
0,0,0.162369474394095
0,0,0.162407403372368
0,0,0.162617430404245
0,0,0.163141116532228
0,0,0.163191821722055
0,0,0.16493445119003
0,0,0.165337610303871
0,0,0.16537323587259
0,0,0.165517354659738
0,0,0.166374708042813
0,0,0.167835756928433
0,0,0.168216089714256
0,0,0.169418251527727
0,0,0.169967810761507
0,0,0.170211686253009
0,0,0.170387479224483
0,0,0.171059466551995
0,0,0.172677495632037
0,0,0.172901455220185
0,0,0.17307714062489
0,0,0.173960828036523
0,0,0.174039814343367
0,0,0.174981971595339
0,0,0.175480600734377
0,0,0.176859978464391
0,0,0.177950378449204
0,0,0.178038038809535
0,0,0.179042197116852
0,0,0.17917760797521
0,0,0.179965079714895
0,0,0.18001588686116
0,0,0.180034307358894
0,0,0.180451560322097
0,0,0.181739667479203
0,0,0.181755487545759
0,0,0.181833496689678
0,0,0.183145045141909
0,0,0.183146022211115
0,0,0.184056034935748
0,0,0.184270452282561
0,0,0.184974190544879
0,0,0.18568616729747
0,0,0.185819039814994
0,0,0.186525189977246
0,0,0.18670477297792
0,0,0.186778306667
0,0,0.187536072618097
0,0,0.188148674956137
0,0,0.18857062646713
0,0,0.188915136504854
0,0,0.189074800667339
0,0,0.190104348883095
0,0,0.19018113711004
0,0,0.190203429381405
0,0,0.191367598964715
0,0,0.191437735099843
0,0,0.19175629370521
0,0,0.192415661258226
0,0,0.192601747484488
0,0,0.193123000906849
0,0,0.19320622080933
0,0,0.194164888733282
0,0,0.194750718787955
0,0,0.196141071047407
0,0,0.196276118067148
0,0,0.196432102757108
0,0,0.198543279457937
0,0,0.198686781493352
0,0,0.199265290818473
0,0,0.199446336951761
0,0,0.199915454062006
0,0,0.200260946731258
0,0,0.201585209297249
0,0,0.202310397936264
0,0,0.202816418618909
0,0,0.204823736391133
0,0,0.205056665872299
0,0,0.205832535191407
0,0,0.206091992041605
0,0,0.20667449252456
0,0,0.207631338475384
0,0,0.2084879327989
0,0,0.208767132957257
0,0,0.210184788070626
0,0,0.210276743716348
0,0,0.210551946075748
0,0,0.211710064137791
0,0,0.214038803798565
0,0,0.21405484658956
0,0,0.214192527747634
0,0,0.214359126759306
0,0,0.214402308935851
0,0,0.214613432404596
0,0,0.215368607642099
0,0,0.216661726036796
0,0,0.217964169879654
0,0,0.218608309374667
0,0,0.219088910419862
0,0,0.219167935511402
0,0,0.219245321486224
0,0,0.220802585198201
0,0,0.221269432849111
0,0,0.222223560612304
0,0,0.222503248312419
0,0,0.223019183163397
0,0,0.224522928675434
0,0,0.225466342658866
0,0,0.226212836664718
0,0,0.226559760491837
0,0,0.226559871919528
0,0,0.226627704955788
0,0,0.226981642292264
0,0,0.227236539757019
0,0,0.227438843802695
0,0,0.227504689896668
0,0,0.228863546070759
0,0,0.231040486289689
0,0,0.231679954875859
0,0,0.2317207975203
0,0,0.233542506822034
0,0,0.233758975876738
0,0,0.234054309923775
0,0,0.23439220955341
0,0,0.23444153331645
0,0,0.234852523818924
0,0,0.234909519619431
0,0,0.234976442335668
0,0,0.235008788403964
0,0,0.235336627997743
0,0,0.235574125180835
0,0,0.235863870324251
0,0,0.236075103487907
0,0,0.236236093090452
0,0,0.236758966885294
0,0,0.238902175792405
0,0,0.238988002276919
0,0,0.239438982146602
0,0,0.239686326713889
0,0,0.240402688917196
0,0,0.241242604624469
0,0,0.2416382534427
0,0,0.241690283833247
0,0,0.241749536161313
0,0,0.242629056531947
0,0,0.242900182861128
0,0,0.243341425557211
0,0,0.246014133269216
0,0,0.246680581921765
0,0,0.247061399057758
0,0,0.247240514620089
0,0,0.248163204558091
0,0,0.24827637929874
0,0,0.24845135867689
0,0,0.248529832287345
0,0,0.248580108901427
0,0,0.248782273569393
0,0,0.2494020574458
0,0,0.249432303737575
0,0,0.24954708511347
0,0,0.249634191958921
0,0,0.250336329813355
0,0,0.250495820048444
0,0,0.250540386646268
0,0,0.250573861496061
0,0,0.251993388835706
0,0,0.253098426097941
0,0,0.253381010062845
0,0,0.253482701078368
0,0,0.25423632996873
0,0,0.255039496358183
0,0,0.25509258173155
0,0,0.256336457724938
0,0,0.257007667277898
0,0,0.257715129831897
0,0,0.258600824744317
0,0,0.258655124580464
0,0,0.258740605582313
0,0,0.259323705562746
0,0,0.259487958527878
0,0,0.260226290454461
0,0,0.260468936847275
0,0,0.260972128676036
0,0,0.261503537105509
0,0,0.261592134934743
0,0,0.26173215350921
0,0,0.261822526285532
0,0,0.262544778579591
0,0,0.262553251794309
0,0,0.262735427382963
0,0,0.262893024269812
0,0,0.263202372922964
0,0,0.263897267345486
0,0,0.263981969011655
0,0,0.264556603200017
0,0,0.264603383229997
0,0,0.264678657399365
0,0,0.265153577644758
0,0,0.265901176109031
0,0,0.266340385618261
0,0,0.267408605895875
0,0,0.26838701737882
0,0,0.268544744342
0,0,0.268671389098507
0,0,0.27007241951583
0,0,0.270185157189963
0,0,0.270632763944901
0,0,0.270900022511754
0,0,0.271991454634054
0,0,0.272318012403979
0,0,0.272407674559513
0,0,0.273257841662347
0,0,0.273376499111818
0,0,0.274081894905858
0,0,0.274534700617308
0,0,0.274788322416593
0,0,0.275407172453314
0,0,0.275538230503967
0,0,0.277602025998301
0,0,0.277991556111223
0,0,0.278500648073548
0,0,0.279972197780821
0,0,0.280814694182313
0,0,0.281975596962915
0,0,0.282087492459552
0,0,0.282211183813518
0,0,0.282349484569352
0,0,0.282387663117921
0,0,0.283588037183497
0,0,0.28365624867349
0,0,0.285809236020691
0,0,0.285896603603182
0,0,0.28597032197693
0,0,0.288373973616095
0,0,0.289191472507715
0,0,0.29028349239647
0,0,0.291193516539031
0,0,0.292027362280252
0,0,0.292498983175789
0,0,0.29264604012713
0,0,0.293226413228076
0,0,0.293254651439282
0,0,0.293417800841813
0,0,0.293578440639701
0,0,0.294718279411973
0,0,0.294761593056172
0,0,0.296340640492682
0,0,0.296842583496095
0,0,0.297024860270742
0,0,0.297139055648847
0,0,0.297205180587136
0,0,0.298597918704956
0,0,0.298666795586775
0,0,0.298738739706987
0,0,0.29895325701347
0,0,0.299576256704871
0,0,0.301866879935181
0,0,0.302249634002628
0,0,0.302278428552522
0,0,0.303353473321509
0,0,0.30359767668154
0,0,0.304256167821798
0,0,0.306145521621088
0,0,0.306765799851255
0,0,0.30697440737175
0,0,0.308585056083478
0,0,0.310165799644941
0,0,0.310993199184385
0,0,0.311176807943577
0,0,0.31146868023017
0,0,0.311861671612188
0,0,0.312457222831345
0,0,0.313334965115466
0,0,0.313451818181786
0,0,0.31349171523292
0,0,0.313893910101293
0,0,0.314398123376117
0,0,0.315062974006143
0,0,0.315556433480409
0,0,0.315869244268684
0,0,0.315890983934132
0,0,0.316136329529168
0,0,0.316223407605873
0,0,0.318052161188881
0,0,0.318179018326137
0,0,0.319158335229477
0,0,0.320196077695337
0,0,0.320788369240197
0,0,0.321294134932543
0,0,0.321513301310231
0,0,0.323690680179383
0,0,0.324308763276625
0,0,0.325159214748599
0,0,0.325568705802654
0,0,0.326755363085307
0,0,0.326911262875571
0,0,0.327286860978061
0,0,0.327555890353007
0,0,0.327985554461489
0,0,0.328849767717873
0,0,0.329236816829407
0,0,0.330868220090882
0,0,0.33182691339057
0,0,0.332028066166934
0,0,0.33233576432119
0,0,0.332818104113371
0,0,0.332958098528962
0,0,0.33350288055955
0,0,0.334026228506174
0,0,0.334124250897161
0,0,0.334817419532637
0,0,0.335058332141244
0,0,0.336627309723827
0,0,0.338055444449534
0,0,0.338282087470165
0,0,0.338456963720994
0,0,0.338717337817434
0,0,0.339290956491084
0,0,0.339359071403519
0,0,0.339831196684622
0,0,0.340743545870216
0,0,0.340878958493574
0,0,0.34094675594507
0,0,0.341350937572116
0,0,0.34258338652487
0,0,0.342687058084514
0,0,0.342840895417975
0,0,0.34367151197216
0,0,0.343724732830162
0,0,0.344103291936414
0,0,0.345319524732658
0,0,0.346685792494509
0,0,0.346715841617312
0,0,0.347198798967761
0,0,0.347536761174453
0,0,0.347543162526766
0,0,0.348223870328437
0,0,0.348385239892637
0,0,0.348435899862467
0,0,0.350330765319122
0,0,0.35079403262372
0,0,0.351115642149827
0,0,0.351586647670451
0,0,0.352844334389029
0,0,0.355394666910909
0,0,0.355655126822475
0,0,0.355830001171821
0,0,0.356400988044753
0,0,0.356495868775799
0,0,0.356659419699647
0,0,0.356687616286558
0,0,0.356706865649924
0,0,0.357016738736491
0,0,0.357053440590445
0,0,0.357583898245719
0,0,0.358914037831736
0,0,0.358941728996625
0,0,0.35900500223349
0,0,0.359584818161292
0,0,0.359997584543475
0,0,0.360167011618747
0,0,0.3610532915278
0,0,0.361232905055697
0,0,0.361445511114503
0,0,0.362295626647623
0,0,0.362928780725376
0,0,0.364108012947031
0,0,0.366904779079313
0,0,0.371420835041107
0,0,0.372184340766308
0,0,0.372518478623528
0,0,0.373794429981788
0,0,0.373976050703339
0,0,0.374882667896685
0,0,0.375592851675993
0,0,0.375878737430417
0,0,0.375955668663686
0,0,0.376310488965413
0,0,0.376875214557383
0,0,0.377091847107751
0,0,0.377478892368606
0,0,0.377836120928056
0,0,0.378502353939805
0,0,0.37933459980361
0,0,0.380074950607346
0,0,0.380082888957723
0,0,0.380619247894347
0,0,0.380669002860112
0,0,0.380962360466577
0,0,0.381965724824348
0,0,0.383106139153122
0,0,0.383364888474357
0,0,0.38389914224991
0,0,0.384490658674639
0,0,0.384602301871285
0,0,0.385308285698969
0,0,0.385994808707594
0,0,0.38638640867481
0,0,0.386673736354262
0,0,0.386858646972622
0,0,0.386896338670971
0,0,0.386997913425067
0,0,0.38702055922321
0,0,0.387310963402311
0,0,0.388254405312531
0,0,0.388918218716211
0,0,0.389236652377064
0,0,0.389425624685368
0,0,0.390453781150659
0,0,0.390960614228637
0,0,0.391137641911946
0,0,0.391464737970293
0,0,0.391590475352518
0,0,0.391700127530073
0,0,0.392437763208429
0,0,0.394217322402149
0,0,0.394458092589945
0,0,0.394690274585505
0,0,0.394984710421137
0,0,0.395513297786315
0,0,0.39593541875986
0,0,0.396060012382659
0,0,0.396252679810113
0,0,0.396347040501319
0,0,0.39712537509553
0,0,0.397424129980528
0,0,0.398508960876107
0,0,0.399140117366103
0,0,0.399251388869454
0,0,0.3993712838357
0,0,0.400541116809414
0,0,0.401117062495493
0,0,0.401142233580439
0,0,0.40171634188973
0,0,0.401824218489461
0,0,0.401857556063702
0,0,0.402511165440645
0,0,0.402926605355419
0,0,0.403429333897135
0,0,0.405622727101464
0,0,0.40636896279182
0,0,0.407147361552976
0,0,0.40745320688535
0,0,0.407720147494159
0,0,0.410449464352279
0,0,0.414593068195081
0,0,0.414997012012874
0,0,0.416033040621417
0,0,0.417185480478424
0,0,0.418145962618741
0,0,0.418322493637171
0,0,0.41835504851295
0,0,0.419020678588432
0,0,0.419803554851406
0,0,0.421359000833382
0,0,0.421988463285951
0,0,0.422716825872523
0,0,0.423099252006152
0,0,0.423617219737939
0,0,0.424021172560565
0,0,0.425340229785018
0,0,0.425544014599472
0,0,0.426163265138617
0,0,0.426536561172052
0,0,0.427969701381028
0,0,0.428028433848758
0,0,0.429203923246177
0,0,0.429861518839638
0,0,0.432148828414637
0,0,0.432665620483059
0,0,0.432778351635968
0,0,0.434003664577203
0,0,0.434156751688124
0,0,0.434247072008681
0,0,0.434447755279081
0,0,0.43549584907253
0,0,0.435568680768043
0,0,0.43698794288376
0,0,0.437007803287581
0,0,0.437414241840975
0,0,0.438154699969073
0,0,0.438458826875287
0,0,0.438698337683724
0,0,0.443523903597542
0,0,0.444356622698321
0,0,0.444381590002126
0,0,0.44536844589624
0,0,0.446607920667846
0,0,0.447345133467097
0,0,0.447662826248557
0,0,0.447897213649138
0,0,0.448106879175954
0,0,0.448983065621001
0,0,0.449381863165899
0,0,0.453920942384329
0,0,0.453938113389263
0,0,0.45395517427265
0,0,0.455396956563983
0,0,0.45589586947793
0,0,0.45644625683893
0,0,0.457412167101892
0,0,0.458035721149135
0,0,0.458163633049449
0,0,0.458165991080487
0,0,0.458778683091942
0,0,0.459772703082558
0,0,0.460968318335557
0,0,0.46156720191288
0,0,0.462069304346868
0,0,0.462716654593822
0,0,0.463487808411102
0,0,0.463738999119459
0,0,0.463763941997631
0,0,0.46380231338534
0,0,0.464039479355022
0,0,0.464309823096429
0,0,0.465049099004064
0,0,0.466232831662332
0,0,0.466424622847648
0,0,0.469538866247084
0,0,0.469628160286168
0,0,0.469877046147005
0,0,0.470537140233075
0,0,0.471134228576915
0,0,0.471419990915966
0,0,0.472210010202909
0,0,0.473650549158057
0,0,0.473694828490556
0,0,0.475326052995519
0,0,0.475732785875273
0,0,0.475859867534166
0,0,0.476465711561244
0,0,0.476722834073905
0,0,0.476936802717342
0,0,0.477653452720755
0,0,0.47884920457237
0,0,0.480538086191041
0,0,0.481516271230645
0,0,0.481951235390235
0,0,0.482064090035013
0,0,0.482565813017948
0,0,0.482768240101291
0,0,0.482929744175025
0,0,0.48297155868945
0,0,0.483330929697654
0,0,0.484902612152355
0,0,0.484965924660706
0,0,0.485484392764681
0,0,0.48555981075936
0,0,0.486318606696695
0,0,0.48644341032729
0,0,0.487542367931541
0,0,0.491481140204239
0,0,0.492519045293105
0,0,0.493530645979831
0,0,0.493548645296183
0,0,0.493790076999162
0,0,0.494085217515814
0,0,0.494886025745023
0,0,0.496348130073342
0,0,0.497641517157604
0,0,0.497766584812044
0,0,0.498412183520808
0,0,0.498833248543757
0,0,0.499085168287507
0,0,0.499623150156358
0,0,0.500325774836972
0,0,0.500427073561691
0,0,0.501793688558344
0,0,0.502037958434538
0,0,0.502308648523376
0,0,0.504631214717565
0,0,0.504999875741261
0,0,0.505419486850406
0,0,0.505584224410383
0,0,0.506042041282005
0,0,0.506757004410147
0,0,0.508599323258835
0,0,0.510973402659631
0,0,0.511353057904904
0,0,0.511500786683888
0,0,0.512099559368468
0,0,0.512109637157996
0,0,0.513519357615605
0,0,0.5138295011086
0,0,0.514608403312543
0,0,0.515003569675235
0,0,0.516650029463742
0,0,0.518865174422552
0,0,0.519418726775656
0,0,0.519719675476569
0,0,0.520092933522648
0,0,0.52146728615473
0,0,0.521628330337708
0,0,0.522113045829299
0,0,0.522674624919991
0,0,0.524310558689564
0,0,0.524324636334271
0,0,0.525796620494224
0,0,0.525992666751917
0,0,0.526082373552317
0,0,0.530574366343627
0,0,0.530599918357644
0,0,0.532014477202211
0,0,0.532126417504582
0,0,0.532204196764248
0,0,0.532292448570901
0,0,0.533263455536465
0,0,0.533530999920819
0,0,0.535703393827148
0,0,0.535754733814138
0,0,0.536594776014759
0,0,0.53885665518667
0,0,0.539879172610315
0,0,0.539898364714416
0,0,0.541062655391676
0,0,0.541071902011133
0,0,0.54150138417775
0,0,0.541895244066315
0,0,0.543402951080265
0,0,0.543712778690099
0,0,0.544071314046682
0,0,0.544353869780975
0,0,0.545200483411718
0,0,0.545519553266412
0,0,0.545568610890666
0,0,0.54581883211006
0,0,0.545860219917287
0,0,0.546298765343835
0,0,0.546332776345339
0,0,0.547396760656579
0,0,0.547867022298934
0,0,0.548120559705144
0,0,0.548162072964029
0,0,0.54863842681977
0,0,0.54915326502901
0,0,0.550991305976288
0,0,0.551276514931842
0,0,0.551801106747727
0,0,0.551834354338853
0,0,0.553086078844654
0,0,0.555662043400355
0,0,0.55614941585802
0,0,0.556499225830967
0,0,0.558182622208667
0,0,0.55943323773093
0,0,0.561247554838584
0,0,0.564160817790196
0,0,0.564266046974346
0,0,0.568103043992314
0,0,0.56821322848849
0,0,0.568261902916653
0,0,0.569541338441948
0,0,0.570622956755943
0,0,0.571263686779048
0,0,0.571374549922306
0,0,0.572771731254136
0,0,0.57324925594659
0,0,0.574379970649667
0,0,0.575190023975625
0,0,0.57584916062753
0,0,0.575896508074718
0,0,0.576071615946772
0,0,0.577221030068676
0,0,0.578493204380942
0,0,0.580083829664337
0,0,0.582766329166059
0,0,0.583219391048981
0,0,0.583596681429076
0,0,0.584948858292823
0,0,0.58554054000898
0,0,0.587808796320704
0,0,0.58832863183025
0,0,0.589961927538539
0,0,0.590180155824278
0,0,0.590500392263083
0,0,0.590865876171136
0,0,0.592087525728509
0,0,0.592168816064158
0,0,0.59302828395149
0,0,0.594573494337218
0,0,0.595004347570851
0,0,0.595097569428763
0,0,0.595215105870601
0,0,0.595868706872512
0,0,0.595949136854792
0,0,0.596877034195391
0,0,0.59738953640974
0,0,0.597874070963986
0,0,0.600011865649668
0,0,0.60054712436247
0,0,0.601629379524047
0,0,0.602453569575859
0,0,0.602619698816525
0,0,0.603920153737366
0,0,0.603968451428352
0,0,0.604231398712467
0,0,0.604584121648083
0,0,0.605746053746598
0,0,0.605935860429169
0,0,0.607387214495948
0,0,0.608081570571651
0,0,0.608314718602972
0,0,0.61093354024439
0,0,0.61215894137932
0,0,0.614074851110771
0,0,0.614100191983005
0,0,0.614632595446501
0,0,0.614842919016839
0,0,0.615816412428824
0,0,0.616140980612752
0,0,0.616609400251764
0,0,0.616670514569213
0,0,0.61680609612465
0,0,0.617175152170738
0,0,0.617383889201398
0,0,0.619167744839709
0,0,0.620018970828195
0,0,0.62020143305806
0,0,0.62225703239611
0,0,0.622813996966454
0,0,0.623426380711606
0,0,0.62439695105814
0,0,0.62582448816158
0,0,0.626140848490905
0,0,0.626443572992911
0,0,0.626699472490074
0,0,0.63136419252831
0,0,0.632117159140626
0,0,0.632508166161333
0,0,0.632670595688787
0,0,0.633193795778154
0,0,0.633835401542026
0,0,0.635006618602862
0,0,0.635146429855725
0,0,0.635559726694728
0,0,0.638540435444118
0,0,0.639419063521076
0,0,0.641834902803156
0,0,0.642090293026767
0,0,0.64235436302063
0,0,0.643829522074624
0,0,0.644017176054466
0,0,0.644248199580782
0,0,0.646547904415959
0,0,0.646963822810777
0,0,0.647957967170261
0,0,0.648534351408708
0,0,0.648981924106982
0,0,0.649341929498771
0,0,0.649834933860665
0,0,0.650461062217058
0,0,0.65118416082079
0,0,0.651532213725487
0,0,0.651947484587726
0,0,0.65303376230678
0,0,0.653719450655174
0,0,0.654239549084417
0,0,0.654546153100675
0,0,0.655398547505072
0,0,0.656967395788633
0,0,0.657992411491801
0,0,0.660953816574047
0,0,0.661196320753782
0,0,0.661576207516835
0,0,0.662420091893735
0,0,0.66377157628719
0,0,0.664385116696413
0,0,0.664709067373311
0,0,0.665103304134824
0,0,0.665491028240721
0,0,0.665661322654194
0,0,0.665692709857897
0,0,0.665774259055152
0,0,0.666065791013031
0,0,0.666495592611738
0,0,0.668048462231389
0,0,0.668563632987128
0,0,0.670009170918633
0,0,0.670852012118972
0,0,0.670978334078449
0,0,0.671228239198262
0,0,0.67174936503089
0,0,0.671969490233405
0,0,0.672352605221138
0,0,0.672495430229577
0,0,0.67253871973738
0,0,0.672715977660681
0,0,0.672763233980552
0,0,0.675170252884242
0,0,0.676450651304153
0,0,0.678851542634101
0,0,0.679025108781593
0,0,0.679686494820682
0,0,0.680422402089616
0,0,0.680508426186158
0,0,0.681068118735398
0,0,0.682101853543894
0,0,0.683431991295833
0,0,0.683702880245486
0,0,0.683848711008931
0,0,0.685445197535748
0,0,0.686009542118223
0,0,0.686540492410742
0,0,0.687077203999226
0,0,0.688378318508172
0,0,0.690685053580849
0,0,0.691543410964635
0,0,0.691749885105122
0,0,0.692992549897352
0,0,0.693755571993619
0,0,0.694134598839815
0,0,0.694707924398089
0,0,0.69476552318116
0,0,0.696092443281769
0,0,0.696581768963808
0,0,0.696689897807448
0,0,0.697258259906072
0,0,0.699160364384528
0,0,0.701804763878829
0,0,0.701934546400695
0,0,0.70275082708806
0,0,0.702773073800642
0,0,0.703358394357622
0,0,0.705947130093939
0,0,0.706581474902163
0,0,0.707827053224874
0,0,0.709108759466266
0,0,0.710729917002008
0,0,0.711629882182988
0,0,0.713130963590038
0,0,0.71335440595423
0,0,0.714693523542939
0,0,0.715202385663359
0,0,0.716201016364876
0,0,0.716813872861067
0,0,0.716982102970964
0,0,0.717116661668741
0,0,0.720932581410964
0,0,0.722426784881836
0,0,0.722708955019439
0,0,0.723064012073174
0,0,0.723359427058844
0,0,0.723702642686788
0,0,0.723728327965691
0,0,0.723987281727587
0,0,0.725404063010167
0,0,0.725918356884408
0,0,0.72686734043653
0,0,0.726984542589482
0,0,0.728648353545875
0,0,0.731561702499523
0,0,0.73163260380135
0,0,0.734135732084226
0,0,0.734825678951059
0,0,0.73725665652762
0,0,0.737316775235698
0,0,0.738753818275639
0,0,0.739004171909371
0,0,0.739781032988021
0,0,0.740146859772338
0,0,0.740642079762256
0,0,0.741061588151023
0,0,0.744601333964914
0,0,0.744749559437426
0,0,0.74498576933377
0,0,0.746023044890163
0,0,0.74679217296512
0,0,0.749666649288768
0,0,0.749673584537559
0,0,0.750467481690788
0,0,0.750930169759474
0,0,0.751085878011538
0,0,0.751720769500161
0,0,0.75221073060962
0,0,0.754578210579643
0,0,0.755590905409543
0,0,0.757393726176342
0,0,0.758119223998535
0,0,0.75898465123696
0,0,0.762617408774392
0,0,0.763064975729099
0,0,0.763597088950314
0,0,0.763868046534097
0,0,0.764217857077809
0,0,0.764480963906943
0,0,0.765360830281733
0,0,0.766384475343181
0,0,0.766465187932463
0,0,0.766824584380426
0,0,0.767040544142045
0,0,0.767155271309747
0,0,0.768160311305578
0,0,0.770021877917126
0,0,0.770524611010583
0,0,0.771782712245047
0,0,0.773724963721493
0,0,0.773732386839263
0,0,0.774774816866628
0,0,0.776444465015749
0,0,0.776492005592818
0,0,0.776722401945536
0,0,0.778584917527445
0,0,0.778896783862304
0,0,0.779660221917332
0,0,0.779717527855125
0,0,0.780162602777024
0,0,0.781624794340516
0,0,0.781872060698415
0,0,0.783224481274851
0,0,0.7849108077432
0,0,0.786139970158803
0,0,0.786403866247142
0,0,0.787910444268146
0,0,0.788218633836401
0,0,0.788738961450281
0,0,0.788960622716153
0,0,0.790566438153291
0,0,0.791826510143206
0,0,0.792678781838448
0,0,0.79283855404609
0,0,0.793156879770023
0,0,0.793463674325588
0,0,0.794199767795489
0,0,0.794515167035246
0,0,0.795064167130428
0,0,0.79550349838009
0,0,0.795721464988666
0,0,0.795958885996172
0,0,0.796766262907095
0,0,0.797257594702032
0,0,0.797570376834473
0,0,0.798808896781143
0,0,0.799628219954438
0,0,0.800025780967648
0,0,0.80146682878435
0,0,0.801541694658132
0,0,0.802832967492161
0,0,0.802862107871738
0,0,0.804301677682631
0,0,0.804744675862497
0,0,0.805145901672293
0,0,0.806027603672773
0,0,0.806570832695494
0,0,0.806624858068299
0,0,0.80907127250977
0,0,0.809485650109923
0,0,0.80979303478879
0,0,0.811110865751032
0,0,0.8123965329039
0,0,0.813660548497637
0,0,0.813869496753114
0,0,0.815255386415205
0,0,0.816600134790996
0,0,0.816951294189554
0,0,0.818261114759488
0,0,0.818361516868526
0,0,0.81897752661339
0,0,0.819827990517355
0,0,0.821976394786591
0,0,0.822705470491989
0,0,0.825195197105452
0,0,0.826868094127957
0,0,0.828070886677112
0,0,0.829690442932243
0,0,0.830319026702653
0,0,0.831436303284916
0,0,0.83627170558116
0,0,0.837574038983333
0,0,0.837738372831531
0,0,0.837798057863703
0,0,0.838973728934663
0,0,0.840693583962723
0,0,0.841008265928979
0,0,0.841401310885703
0,0,0.841741982466589
0,0,0.842321996022308
0,0,0.842546041790316
0,0,0.847429770729404
0,0,0.847962060917512
0,0,0.848247041543214
0,0,0.848912490257054
0,0,0.849439703163602
0,0,0.84945698830944
0,0,0.849597136761557
0,0,0.850032697111144
0,0,0.850555558865031
0,0,0.851929003491478
0,0,0.852375609434269
0,0,0.852798270788154
0,0,0.854651410724164
0,0,0.855117243208941
0,0,0.857790328085116
0,0,0.85835325433868
0,0,0.860884254254353
0,0,0.861746244041591
0,0,0.862701417713018
0,0,0.863509390274409
0,0,0.863704191301605
0,0,0.865626826538975
0,0,0.866889155926251
0,0,0.868145834097251
0,0,0.870061188582972
0,0,0.871324322930553
0,0,0.872709819790707
0,0,0.874330175848746
0,0,0.875862045620372
0,0,0.87667389890693
0,0,0.877283998678709
0,0,0.878617320176233
0,0,0.879701750618408
0,0,0.87996668588827
0,0,0.880858398933618
0,0,0.881841942196198
0,0,0.885714989531357
0,0,0.887187686653882
0,0,0.887232410420966
0,0,0.888652336403445
0,0,0.891527376214817
0,0,0.892476257690811
0,0,0.893544967053605
0,0,0.894391300045202
0,0,0.895416864363281
0,0,0.896399853035129
0,0,0.897189444386582
0,0,0.897309433641655
0,0,0.901154896508134
0,0,0.901306201117666
0,0,0.903340043283766
0,0,0.903488754181478
0,0,0.905085789553176
0,0,0.905205372598357
0,0,0.907167944579399
0,0,0.907481906360431
0,0,0.907552212963034
0,0,0.910861098108304
0,0,0.911773737682466
0,0,0.920812514036409
0,0,0.920939161835029
0,0,0.920979369107169
0,0,0.921229697381241
0,0,0.922474134242284
0,0,0.922540407809047
0,0,0.926240705612546
0,0,0.928422399589937
0,0,0.929696213809888
0,0,0.930678671692638
0,0,0.931769934635023
0,0,0.938955710795059
0,0,0.94057934071236
0,0,0.941562016831363
0,0,0.943710488090963
0,0,0.94459419604462
0,0,0.945823674293413
0,0,0.945977593767666
0,0,0.946993202315292
0,0,0.94728490671084
0,0,0.948259998909551
0,0,0.950196958256774
0,0,0.950952770944741
0,0,0.951390076701122
0,0,0.952644081770421
0,0,0.952986058615388
0,0,0.953527227331804
0,0,0.954152437928063
0,0,0.955032799751574
0,0,0.95743402278111
0,0,0.958941755993871
0,0,0.961473019622263
0,0,0.962606039183942
0,0,0.962683663392075
0,0,0.962763338407016
0,0,0.963566806166437
0,0,0.965570639832841
0,0,0.966774676665311
0,0,0.968086960324117
0,0,0.968651800795218
0,0,0.969442855097155
0,0,0.969902770297243
0,0,0.970133097016546
0,0,0.970290846569126
0,0,0.972820947651475
0,0,0.97429675511103
0,0,0.975173815108489
0,0,0.976402479368973
0,0,0.97840539568642
0,0,0.978513677832684
0,0,0.979809474344632
0,0,0.986804090067614
0,0,0.987445503200575
0,0,0.989366309139459
0,0,0.989598328768826
0,0,0.992653386076418
0,0,0.992825354732119
0,0,0.993337196298685
0,0,0.993696831997778
0,0,0.995111728395841
0,0,0.995831997514222
0,0,0.997101913123726
0,0,0.999036683358654
0,0,1.00323601273025
0,0,1.00561265665931
0,0,1.00623110394813
0,0,1.00644135564878
0,0,1.00760253238733
0,0,1.01172797779977
0,0,1.01425459911126
0,0,1.02008901511014
0,0,1.02093569794361
0,0,1.02154146356723
0,0,1.02321926167646
0,0,1.02343794958552
0,0,1.02414566274372
0,0,1.02459127238566
0,0,1.0247171682639
0,0,1.02575566655391
0,0,1.02607576575978
0,0,1.02617283324983
0,0,1.02661780808557
0,0,1.02806742693249
0,0,1.0285583784704
0,0,1.03126299859542
0,0,1.03202112423401
0,0,1.033251981536
0,0,1.0356005657985
0,0,1.03672697800154
0,0,1.0395647216907
0,0,1.03963266656851
0,0,1.04097339301821
0,0,1.04120152851151
0,0,1.04356612099125
0,0,1.04883892473186
0,0,1.04982402495217
0,0,1.05020672300091
0,0,1.05089136597921
0,0,1.05224635501902
0,0,1.05241452636426
0,0,1.05332677019139
0,0,1.05399480643268
0,0,1.05428852500075
0,0,1.05584828780458
0,0,1.05609296590531
0,0,1.05956175906155
0,0,1.06066639273435
0,0,1.06105930872751
0,0,1.06126696565853
0,0,1.06703202185167
0,0,1.06745080763764
0,0,1.06775156688763
0,0,1.06822879838079
0,0,1.0689556103051
0,0,1.06960159793106
0,0,1.06961137254587
0,0,1.06993106248804
0,0,1.07115564393343
0,0,1.07130413573305
0,0,1.07154450631539
0,0,1.07381523596786
0,0,1.07557416624647
0,0,1.07766080664746
0,0,1.07939187042623
0,0,1.08026724767398
0,0,1.08130898917046
0,0,1.08428105810059
0,0,1.08431291299875
0,0,1.08550059460667
0,0,1.08991479017984
0,0,1.09080631237246
0,0,1.09123260876825
0,0,1.09308339282748
0,0,1.09458822530561
0,0,1.0963266195056
0,0,1.09670338111072
0,0,1.0969269006799
0,0,1.10291938348635
0,0,1.10402274219163
0,0,1.10681399893526
0,0,1.10743145526336
0,0,1.10973690922514
0,0,1.11001632909588
0,0,1.1102251712838
0,0,1.11027087558142
0,0,1.11096879963977
0,0,1.11234031685938
0,0,1.11540936375394
0,0,1.11552618581367
0,0,1.11812504617591
0,0,1.11837146840458
0,0,1.11980931302723
0,0,1.1203922211472
0,0,1.12186830728781
0,0,1.124707245722
0,0,1.12776595297165
0,0,1.12886105989514
0,0,1.12929432397619
0,0,1.13165920786865
0,0,1.13273191408963
0,0,1.13331472206598
0,0,1.13528184821153
0,0,1.13685346522689
0,0,1.13814671695307
0,0,1.13981759426429
0,0,1.15029022717694
0,0,1.15120353437657
0,0,1.15121412431933
0,0,1.15477615040526
0,0,1.15500218657111
0,0,1.15673307306845
0,0,1.15683476506976
0,0,1.15725730855334
0,0,1.15771975853057
0,0,1.15966873738426
0,0,1.159766094081
0,0,1.15996405252958
0,0,1.16024509030367
0,0,1.16115299101599
0,0,1.16716296159286
0,0,1.16755190582642
0,0,1.16780649303844
0,0,1.16838444415045
0,0,1.17100238632387
0,0,1.171197631448
0,0,1.17369644064557
0,0,1.17524895528819
0,0,1.18155160841524
0,0,1.18861414115107
0,0,1.18871596881625
0,0,1.19187779576745
0,0,1.19408922864371
0,0,1.19518743034344
0,0,1.19536647485601
0,0,1.1977304876564
0,0,1.19798753011724
0,0,1.19919385886981
0,0,1.20030841721172
0,0,1.20067298806146
0,0,1.204842256069
0,0,1.20716744851862
0,0,1.21051078994059
0,0,1.21077594815514
0,0,1.21198310693458
0,0,1.2151117633752
0,0,1.21674485864421
0,0,1.21817476236248
0,0,1.21838545447603
0,0,1.21901336208959
0,0,1.21934095917659
0,0,1.21938152263689
0,0,1.22141288252447
0,0,1.22624060645454
0,0,1.22723830677671
0,0,1.22843450829492
0,0,1.22847360209283
0,0,1.22898850481052
0,0,1.23028102028759
0,0,1.23209033645938
0,0,1.23227392274044
0,0,1.23602272189775
0,0,1.23917797986357
0,0,1.24123162833233
0,0,1.24126930640874
0,0,1.24420568398448
0,0,1.24542514273088
0,0,1.24543132132446
0,0,1.24544914601491
0,0,1.2466377347445
0,0,1.24877193736887
0,0,1.24999732213415
0,0,1.2514257007175
0,0,1.25265686740139
0,0,1.25472519404061
0,0,1.25474537637191
0,0,1.25578986638986
0,0,1.2563672407941
0,0,1.25646208055949
0,0,1.25772406668548
0,0,1.25818729100819
0,0,1.26171655631052
0,0,1.26230097441316
0,0,1.26475993217355
0,0,1.26478416025426
0,0,1.26496039692162
0,0,1.27319809317394
0,0,1.27328760424844
0,0,1.27383271952904
0,0,1.27395886121171
0,0,1.27738196799938
0,0,1.27893441229073
0,0,1.27905130716495
0,0,1.28002290697652
0,0,1.28065201225509
0,0,1.2827489024415
0,0,1.28501598994422
0,0,1.28839935566993
0,0,1.2919503408238
0,0,1.2921713829518
0,0,1.29348247746105
0,0,1.29538890420128
0,0,1.29621226269257
0,0,1.29791156968448
0,0,1.30259637841539
0,0,1.30281240392871
0,0,1.30708626971191
0,0,1.30959984942589
0,0,1.31111502104491
0,0,1.31334093633331
0,0,1.31553833381841
0,0,1.31763515863157
0,0,1.31937157715029
0,0,1.31986183728461
0,0,1.32157233949115
0,0,1.32218097163901
0,0,1.32352137713045
0,0,1.32433381375563
0,0,1.33171672202992
0,0,1.33211357486583
0,0,1.33213199703948
0,0,1.33258666242449
0,0,1.33372474416455
0,0,1.33482999464308
0,0,1.33488886663369
0,0,1.33864146734485
0,0,1.34233438558761
0,0,1.34385854358244
0,0,1.34393742892355
0,0,1.35069047717957
0,0,1.35359179266959
0,0,1.35493603414166
0,0,1.35663721331044
0,0,1.35945933948065
0,0,1.36035105148628
0,0,1.36056843434122
0,0,1.36245313143779
0,0,1.36606333003168
0,0,1.37016743324807
0,0,1.37062679829009
0,0,1.37105501501893
0,0,1.37221832720189
0,0,1.37285774475263
0,0,1.37652646743515
0,0,1.37660109072825
0,0,1.3768395926346
0,0,1.37724357281452
0,0,1.37946765044399
0,0,1.38206191503331
0,0,1.38267235372373
0,0,1.38475382448794
0,0,1.38479083870514
0,0,1.38594975263005
0,0,1.38676076720103
0,0,1.38720022001897
0,0,1.38743737045289
0,0,1.39015808914822
0,0,1.39061356160204
0,0,1.39266161505128
0,0,1.394344193826
0,0,1.39485708858329
0,0,1.39579647749127
0,0,1.39584358940025
0,0,1.39667375969768
0,0,1.39697547315542
0,0,1.39768062929919
0,0,1.40307879952274
0,0,1.41144691712936
0,0,1.4122573826946
0,0,1.41380386093204
0,0,1.41451056229163
0,0,1.41603367673891
0,0,1.42063964475046
0,0,1.42076938533643
0,0,1.42312545478932
0,0,1.42372732824828
0,0,1.42546517412851
0,0,1.42618182464866
0,0,1.42778556423478
0,0,1.42870521251945
0,0,1.43098909226225
0,0,1.43485760689731
0,0,1.43652427757384
0,0,1.43794608901551
0,0,1.43902424717489
0,0,1.43982457162379
0,0,1.44137788033328
0,0,1.44172967918322
0,0,1.4422014405414
0,0,1.44279910449591
0,0,1.44434288584023
0,0,1.4461039924072
0,0,1.44646144244647
0,0,1.44716772540577
0,0,1.45454693303084
0,0,1.45550943043217
0,0,1.45577360133361
0,0,1.4624113336435
0,0,1.46288037011962
0,0,1.46627551578036
0,0,1.46869367278807
0,0,1.47222904994227
0,0,1.47431921873501
0,0,1.47657420451126
0,0,1.48045845812456
0,0,1.48073927216975
0,0,1.48314622198952
0,0,1.48356646273013
0,0,1.48498989735004
0,0,1.48584204084026
0,0,1.48617791493831
0,0,1.4872709346856
0,0,1.48995448088087
0,0,1.49151650679492
0,0,1.49288434124862
0,0,1.49390851990403
0,0,1.4955020892778
0,0,1.49656846192969
0,0,1.49895446569858
0,0,1.50302153962242
0,0,1.50358464988686
0,0,1.50541290614183
0,0,1.5058768817865
0,0,1.50670357570856
0,0,1.50674805272327
0,0,1.50808155944475
0,0,1.5083254943775
0,0,1.50952209688011
0,0,1.51075781726642
0,0,1.51390024022463
0,0,1.51855585317311
0,0,1.52224097586858
0,0,1.52534948205291
0,0,1.52994978210028
0,0,1.53108403824262
0,0,1.53128465894921
0,0,1.53411941970731
0,0,1.53475115431779
0,0,1.53574493241039
0,0,1.5365050381442
0,0,1.53657820955082
0,0,1.53740649031122
0,0,1.54137863150604
0,0,1.54182518973625
0,0,1.54190951595043
0,0,1.54191984669039
0,0,1.5445726084105
0,0,1.54557910854696
0,0,1.54610371886814
0,0,1.54645559030041
0,0,1.55415090637409
0,0,1.55512874602612
0,0,1.55614890759113
0,0,1.55809707068065
0,0,1.55881844668574
0,0,1.5603719020675
0,0,1.56091002260679
0,0,1.56215865298596
0,0,1.5641687331843
0,0,1.56553607506981
0,0,1.56628661212266
0,0,1.56762920597833
0,0,1.56888462333002
0,0,1.57477866272533
0,0,1.57487798866252
0,0,1.57513290562991
0,0,1.57990404558836
0,0,1.58135482334294
0,0,1.58280649616155
0,0,1.58315779806962
0,0,1.58431446363367
0,0,1.58736621217164
0,0,1.59374619078493
0,0,1.59674848250911
0,0,1.59987771107097
0,0,1.60368946550619
0,0,1.60690007627598
0,0,1.61010599808454
0,0,1.6136620222963
0,0,1.61714099537698
0,0,1.62406340319602
0,0,1.63556900667115
0,0,1.63697307541238
0,0,1.6391506697516
0,0,1.64125990768017
0,0,1.64347543434122
0,0,1.64445482683652
0,0,1.65406814517398
0,0,1.65860673308568
0,0,1.65936651992573
0,0,1.66314625157013
0,0,1.66355870777336
0,0,1.66413117639377
0,0,1.66465695501275
0,0,1.66532217213658
0,0,1.66736677022672
0,0,1.67194736645489
0,0,1.67816095052356
0,0,1.67911465670201
0,0,1.68189521569233
0,0,1.68368949856012
0,0,1.68634676269135
0,0,1.69090898087005
0,0,1.69258679668208
0,0,1.69286059089396
0,0,1.69373212576967
0,0,1.69546126859733
0,0,1.69813316386899
0,0,1.6992347084173
0,0,1.70058180367521
0,0,1.70524804884206
0,0,1.70663464347
0,0,1.70674343877548
0,0,1.71084147809688
0,0,1.71224294357783
0,0,1.71250954387251
0,0,1.71267324358041
0,0,1.71603743028326
0,0,1.7209369215985
0,0,1.72276030373221
0,0,1.73066109487023
0,0,1.73352795864999
0,0,1.73433758671536
0,0,1.73458677402476
0,0,1.73495731253922
0,0,1.73739983305194
0,0,1.74156456854678
0,0,1.74902573005028
0,0,1.74918963948638
0,0,1.75018334131696
0,0,1.75290282566181
0,0,1.7541700659345
0,0,1.75522368067714
0,0,1.76260470525655
0,0,1.76365754229811
0,0,1.76578786789763
0,0,1.7677150439788
0,0,1.7761129032126
0,0,1.77825068508044
0,0,1.78062841526642
0,0,1.78114785705447
0,0,1.782619614451
0,0,1.78659007847659
0,0,1.79186762705311
0,0,1.79570838605689
0,0,1.7970279880854
0,0,1.79960317534941
0,0,1.80491934020375
0,0,1.80798852499156
0,0,1.80851676875033
0,0,1.80917472301967
0,0,1.81011282688148
0,0,1.81052092106612
0,0,1.81097471540658
0,0,1.82107429421355
0,0,1.82117043254506
0,0,1.82219494113677
0,0,1.82550256901069
0,0,1.82740305127998
0,0,1.82851477286628
0,0,1.83217357361326
0,0,1.83462696729732
0,0,1.83869708847366
0,0,1.83965699341138
0,0,1.84095944313666
0,0,1.84134882426551
0,0,1.84298427045503
0,0,1.84738627958386
0,0,1.84913320404253
0,0,1.84919750356529
0,0,1.84926282245786
0,0,1.85069659205599
0,0,1.85107637023862
0,0,1.8587585369977
0,0,1.86192208951977
0,0,1.86338948884326
0,0,1.86392623610045
0,0,1.8640002336985
0,0,1.86814834653972
0,0,1.8722160128329
0,0,1.87639764472624
0,0,1.8839432206817
0,0,1.88412342538352
0,0,1.88643862133061
0,0,1.88800381168711
0,0,1.89257528112791
0,0,1.89571751976322
0,0,1.89830670050545
0,0,1.89845657214341
0,0,1.89876348427388
0,0,1.90106000858894
0,0,1.9019258924436
0,0,1.90355731566124
0,0,1.90450214769227
0,0,1.90722561398717
0,0,1.91191246149799
0,0,1.91383149585521
0,0,1.92910490206856
0,0,1.92957210691464
0,0,1.94137190455698
0,0,1.94178172350424
0,0,1.94403243792079
0,0,1.94448117509049
0,0,1.94677817387398
0,0,1.95486082782298
0,0,1.96008506375899
0,0,1.96140898638671
0,0,1.9633702988829
0,0,1.96443154461049
0,0,1.96666443135132
0,0,1.96984948075305
0,0,1.97546630263177
0,0,1.97771479425258
0,0,1.98306789708875
0,0,1.98443446668342
0,0,1.98603518330274
0,0,1.98783473445313
0,0,1.99378027342655
0,0,2.00107295947209
0,0,2.00211805767608
0,0,2.00796963827992
0,0,2.00821954990598
0,0,2.01731045230968
0,0,2.0180262619096
0,0,2.0267798389202
0,0,2.02741646426645
0,0,2.02910353777506
0,0,2.02967826248171
0,0,2.03445373538875
0,0,2.03488193010356
0,0,2.03621834005534
0,0,2.03892648554849
0,0,2.03950318092553
0,0,2.0418607621483
0,0,2.04283806197285
0,0,2.04597021755431
0,0,2.04668536977051
0,0,2.05768978813431
0,0,2.06095207100289
0,0,2.0640579097719
0,0,2.08400298057585
0,0,2.08704867987728
0,0,2.08731334309557
0,0,2.08885787502465
0,0,2.10711762012471
0,0,2.10941615619536
0,0,2.10965615616799
0,0,2.1153242528316
0,0,2.11774911579035
0,0,2.12406618946361
0,0,2.12849060426635
0,0,2.12897117079808
0,0,2.14100959539041
0,0,2.15363419973055
0,0,2.15390729516054
0,0,2.16401513072456
0,0,2.1671419741534
0,0,2.16809444279716
0,0,2.17109391567567
0,0,2.17313665046778
0,0,2.18499264903058
0,0,2.18764913616863
0,0,2.18865816161073
0,0,2.19526140590693
0,0,2.19855453095673
0,0,2.19973617303951
0,0,2.20388555919593
0,0,2.20494447560798
0,0,2.20661127296335
0,0,2.2098785901147
0,0,2.21303514482787
0,0,2.22177434438939
0,0,2.22729044744162
0,0,2.23302846184228
0,0,2.23376568774737
0,0,2.23436338776715
0,0,2.23496028089199
0,0,2.2391479073937
0,0,2.24925849318615
0,0,2.25478005789299
0,0,2.25526153546305
0,0,2.25648348088655
0,0,2.26087707038379
0,0,2.26102615738247
0,0,2.26113662231128
0,0,2.26833347012145
0,0,2.27071630616612
0,0,2.27418544462429
0,0,2.27967139519202
0,0,2.28821363514241
0,0,2.29879678860822
0,0,2.30026872638518
0,0,2.30734627898326
0,0,2.30856539813932
0,0,2.3159924601135
0,0,2.3431067882578
0,0,2.34324521059297
0,0,2.35007392767033
0,0,2.35971688177912
0,0,2.3666863796582
0,0,2.37436354790997
0,0,2.38476660340953
0,0,2.38774879469648
0,0,2.40092933188539
0,0,2.40296330479176
0,0,2.40329413553282
0,0,2.40527860015805
0,0,2.41318742767743
0,0,2.42031749512363
0,0,2.42717771312468
0,0,2.44845036747705
0,0,2.4500896239589
0,0,2.4536596787784
0,0,2.46521250767537
0,0,2.46605835020228
0,0,2.47161705072663
0,0,2.48329747620888
0,0,2.49342356854533
0,0,2.49701290740608
0,0,2.49731915869895
0,0,2.50572862401808
0,0,2.50585642160893
0,0,2.50878486574638
0,0,2.51242694058478
0,0,2.53540878444835
0,0,2.54287543926163
0,0,2.54366599078442
0,0,2.54884741971807
0,0,2.55300654309274
0,0,2.55480909671028
0,0,2.55513747810699
0,0,2.55852090807074
0,0,2.56065136552463
0,0,2.56121425455116
0,0,2.56492361103433
0,0,2.57502174866728
0,0,2.58296203101084
0,0,2.59128076856098
0,0,2.60310825894621
0,0,2.61133597825576
0,0,2.61656940424895
0,0,2.62143547508146
0,0,2.62531878280309
0,0,2.63124656701255
0,0,2.63209821075313
0,0,2.65265140975221
0,0,2.66984950588805
0,0,2.67984704242818
0,0,2.68427076076589
0,0,2.68504283945887
0,0,2.6894366808226
0,0,2.69236575266559
0,0,2.69285478614141
0,0,2.69544269086398
0,0,2.70612564119496
0,0,2.7071832014265
0,0,2.71539812690099
0,0,2.73780890787791
0,0,2.73962201917292
0,0,2.74521988877684
0,0,2.75190536854367
0,0,2.75240877375434
0,0,2.75747098161684
0,0,2.76185381974827
0,0,2.78157344430768
0,0,2.79106102230071
0,0,2.79441325816825
0,0,2.79895492702105
0,0,2.81181620232375
0,0,2.81956888042362
0,0,2.82462229248701
0,0,2.82630069003922
0,0,2.83811663257343
0,0,2.83922118784382
0,0,2.83936155616148
0,0,2.83947374722856
0,0,2.85279880313876
0,0,2.88375572137615
0,0,2.89007262871347
0,0,2.89402308272513
0,0,2.89624284910469
0,0,2.89661024401321
0,0,2.91280935371264
0,0,2.93252788552085
0,0,2.9433510452538
0,0,2.95114702662617
0,0,2.95461858061616
0,0,2.96146710658307
0,0,2.96747639417007
0,0,2.96935740814071
0,0,2.98129293206267
0,0,2.98961465616131
0,0,2.99379795522059
0,0,3.00445431358812
0,0,3.00681980328479
0,0,3.02859701955974
0,0,3.03117520346692
0,0,3.03367011792234
0,0,3.0569182149393
0,0,3.07353118743827
0,0,3.07877613385776
0,0,3.092387501622
0,0,3.11603399922961
0,0,3.1198958842578
0,0,3.12210010761836
0,0,3.12781774266062
0,0,3.13145662449052
0,0,3.14699976851154
0,0,3.15603000223598
0,0,3.15822197652207
0,0,3.16912346500065
0,0,3.16935959632789
0,0,3.17554033588503
0,0,3.18692607450744
0,0,3.19303623127439
0,0,3.19623038785079
0,0,3.21145304347518
0,0,3.21785424785081
0,0,3.22268158475685
0,0,3.23818545899042
0,0,3.25936275562064
0,0,3.26798865621511
0,0,3.27719827496054
0,0,3.28193092896666
0,0,3.29004702858896
0,0,3.30452585389456
0,0,3.31001356853165
0,0,3.32312685898425
0,0,3.32457123706337
0,0,3.32949262911834
0,0,3.33113048008488
0,0,3.34232391403446
0,0,3.36808174301627
0,0,3.37064397262455
0,0,3.37715055903729
0,0,3.37999006849044
0,0,3.38142200423147
0,0,3.38208753325228
0,0,3.40332310559187
0,0,3.40876936132673
0,0,3.41190315645208
0,0,3.41547623276882
0,0,3.42095426207041
0,0,3.42399816288451
0,0,3.43114120423586
0,0,3.43865149736046
0,0,3.46372414310412
0,0,3.46907091712207
0,0,3.52624017873604
0,0,3.53175578065125
0,0,3.53246610376563
0,0,3.54085426328681
0,0,3.57158197481175
0,0,3.57406973688953
0,0,3.59632077281325
0,0,3.59835201335469
0,0,3.60219507891268
0,0,3.61112469750427
0,0,3.61569742009869
0,0,3.67744668555151
0,0,3.67790695591728
0,0,3.68741379042768
0,0,3.69449141360484
0,0,3.69506532872762
0,0,3.7018836780321
0,0,3.70419749345712
0,0,3.71427829088763
0,0,3.71964034098092
0,0,3.73154666706889
0,0,3.73278262782787
0,0,3.73818375341756
0,0,3.77000803124156
0,0,3.77329748639064
0,0,3.77450161744963
0,0,3.78830402486486
0,0,3.79313170896603
0,0,3.80467587010612
0,0,3.82799800195032
0,0,3.83937582542741
0,0,3.84908323911836
0,0,3.86781477394815
0,0,3.8978428099139
0,0,3.98343367351524
0,0,4.01330402698658
0,0,4.02392960982188
0,0,4.04537115888371
0,0,4.06564148333064
0,0,4.08748219359584
0,0,4.09165066947836
0,0,4.10156451459927
0,0,4.11134317915004
0,0,4.11932473139557
0,0,4.12522019017721
0,0,4.15074159823335
0,0,4.17943065118975
0,0,4.20067068261188
0,0,4.21014628461824
0,0,4.21548778315003
0,0,4.2484592759053
0,0,4.27296126012411
0,0,4.28129479033792
0,0,4.30249427402856
0,0,4.30963308940813
0,0,4.35403488856758
0,0,4.36239490440518
0,0,4.36901466759052
0,0,4.37570369897188
0,0,4.41555747792317
0,0,4.41825052735
0,0,4.43274267906106
0,0,4.45333614281226
0,0,4.46550297830292
0,0,4.46593651958981
0,0,4.57195016658073
0,0,4.58697819739562
0,0,4.69123520296599
0,0,4.75913185889516
0,0,4.76518175497943
0,0,4.77208121551486
0,0,4.77931614215173
0,0,4.80601906827165
0,0,4.81393660154605
0,0,4.88501898518473
0,0,4.90764887775005
0,0,4.94968969369329
0,0,4.95531686769584
0,0,5.02968515315571
0,0,5.09687373430933
0,0,5.15265360899341
0,0,5.18832449858204
0,0,5.19995860628329
0,0,5.25885894418912
0,0,5.26976570475537
0,0,5.29236924440025
0,0,5.30572075609755
0,0,5.35621951605919
0,0,5.35634715033574
0,0,5.42656083612627
0,0,5.46620370291793
0,0,5.51562299443541
0,0,5.58559265837717
0,0,5.60913531341831
0,0,5.69369013832174
0,0,5.74567900804177
0,0,5.81561457994306
0,0,5.92439936353299
0,0,5.97871964437006
0,0,5.99836451314247
0,0,6.21743456541074
0,0,6.23423099429103
0,0,6.33221236316029
0,0,6.3594492578199
0,0,6.40525463635108
0,0,6.46908674683115
0,0,6.47493218551454
0,0,6.59488032559727
0,0,6.62320663061865
0,0,6.64154881181015
0,0,6.77767186912302
0,0,6.82750971816006
0,0,6.90797822093559
0,0,7.08457719332605
0,0,7.12627416631476
0,0,7.23392528821498
0,0,7.3101123444126
0,0,7.36923615172364
0,0,7.88065440608792
0,0,8.58083525307731
0,0,8.65386012343388
0,0,8.86971909438771
0,0,8.91100499526213
0,0,8.92316027651071
0,0,8.94937720237618
0,0,8.97841967411296
0,0,9.17416832360385
0,0,9.23218014032201
0,0,9.2355308134808
0,0,9.47596579736897
0,0,9.50695241382335
0,0,9.57247825610017
0,0,9.69717912873311
0,0,10.1069488009015
0,0,10.2101658949626
0,0,10.431603948114
0,0,10.4989893013669
0,0,10.8181501921634
0,0,10.9579233662448
0,0,11.2598684732349
0,0,11.4569834734072
0,0,11.5277580344432
0,0,12.0965382987333
0,0,12.3747555875765
0,0,12.524112711278
0,0,12.5898119416509
0,0,13.307449254419
0,0,18.9269561862214
1,20.9497879352025,25.6575252045702
1,18.0311001617589,18.1915691741696
1,17.7522549563162,19.3529471659999
1,17.3706838725076,19.6477371922467
1,17.329696658941,18.5616915560835
1,16.9748314590742,17.4426174885406
1,15.6527662411692,24.907487305584
1,15.4785236577006,15.6012890841592
1,15.0157158492311,16.2936916096137
1,14.7983659818622,19.8678181035256
1,14.1558264514456,27.2023764880846
1,14.1281857964608,14.4494733559924
1,13.5825085340552,15.1693628214324
1,13.4502192906758,15.0643333985706
1,12.9637096138795,13.9563891493388
1,12.9324932817363,14.4345048213326
1,12.8974434475718,21.3059206581207
1,12.8550947032544,13.243388376492
1,12.8510123686573,14.8716284787607
1,12.6178330526783,14.1069643758333
1,12.6003508558443,17.7378075368756
1,12.5841824864244,16.4736898043207
1,11.9312109261453,16.0357753476909
1,11.9164865704134,12.8411516800275
1,11.9163750869326,14.6532207688018
1,11.5686497965011,15.3045789096182
1,11.2967614729149,12.373699681838
1,11.1402818222092,11.9189589046415
1,10.9747050804335,11.4727852780676
1,10.9450353601422,13.2525216194524
1,10.6186976478437,15.4408925213059
1,10.334352036771,10.3882561557801
1,10.057146804525,13.2276657426789
1,9.67020107312031,10.7343450127215
1,9.49522882132517,11.3822191189728
1,9.02384910623823,11.6529503193879
1,8.54652677390942,11.3362114218009
1,8.28393884128291,9.32385641978462
1,8.2323545947226,8.68139772463202
1,8.09322902339972,14.1353842119508
1,7.91848095985575,8.49025813170013
1,7.90850648030511,12.2491788068489
1,7.90477036470413,9.58649248385579
1,7.57288609174888,7.64539643955252
1,7.52525852922358,10.6645386425845
1,7.35928762662125,17.434957052814
1,7.28570198429274,7.32740186981746
1,6.99092857416202,23.2534072519858
1,6.94771633038189,9.73711561588755
1,6.86342573215998,8.2467962860345
1,6.75761961876262,8.72091860308185
1,6.73286683650756,6.76346983512654
1,6.69936747001275,6.71012157219223
1,6.69564131394829,9.32842385482246
1,6.66132577541359,6.74033811832874
1,6.63063343252893,16.8482071019608
1,6.59284420771352,7.44032511334803
1,6.41341537289683,6.75826289103234
1,6.31486525245952,7.09696898735126
1,6.2962550136046,18.3081399380433
1,6.28228260447675,12.0801270063719
1,6.06717563757302,6.45202000683629
1,6.02784695702561,7.2065474050185
1,5.9275398971739,7.58358458787784
1,5.70453343963971,6.35138398094584
1,5.6723122720784,8.12140509465452
1,5.39177894558669,6.22485386502283
1,5.35775839504808,9.68087172398525
1,5.33781260276772,5.80090980029892
1,5.30094512330959,6.24496634872259
1,5.23369493058213,5.52780837921083
1,5.05332569918883,5.29232240479472
1,5.02381058516433,5.02412985010364
1,4.98326983592828,6.78949283593099
1,4.97043137058741,5.13150503973317
1,4.90896921390599,5.65579049142361
1,4.90608541275604,5.33623675439966
1,4.82616314705234,4.99522017546942
1,4.77107136530984,5.57221475980065
1,4.7242642055273,5.0076143388706
1,4.71695751149551,5.92973739312555
1,4.71596296372067,6.05321529158428
1,4.69862665391816,5.67184149967269
1,4.5526800409381,7.18757506296586
1,4.51448916124533,4.71979692827541
1,4.50698697601386,4.94883687527907
1,4.47710874894916,4.49097554827657
1,4.44486590616192,4.51656159575928
1,4.41227430113328,4.42920933374973
1,4.38314805298611,4.50812185811474
1,4.35647638198702,5.17347516866001
1,4.31967511216157,4.32295906088933
1,4.22993425984698,4.32979903676137
1,4.2180714900784,8.2371426088931
1,4.10655230725496,4.1224339039761
1,4.07197651063678,5.18680664437589
1,4.00004297391065,4.29675595290583
1,3.98481427572121,4.23254106876829
1,3.93806828435874,5.03736422593142
1,3.90021737772225,5.39428322559136
1,3.8881315223976,4.14496519448815
1,3.85925547731021,4.15060733112168
1,3.84647667598649,6.64561535817134
1,3.84268047638628,4.33882760362075
1,3.80361822002962,7.40679052929572
1,3.8031566474425,4.69345627959959
1,3.75940835003875,4.3544802366642
1,3.67624716454357,5.0372224555551
1,3.67523837988516,3.84482789985688
1,3.65752015482832,3.71781586717848
1,3.61915656370482,4.44604624601838
1,3.55737453374742,3.83616840412131
1,3.53010974432145,4.05179225858192
1,3.40837906786991,4.02891953410282
1,3.36401748378664,3.39826112092633
1,3.3591578342287,5.45678725457657
1,3.34108888332833,4.17955966061647
1,3.31548114414482,3.61592965406267
1,3.30312274680265,3.81687391037578
1,3.28167533822267,4.02429905810932
1,3.26495893546678,3.73329989311002
1,3.24585289483894,3.40388612397208
1,3.23020677166814,3.34969640855457
1,3.19942766039952,5.50429362402496
1,3.16094290454791,3.23569880694004
1,3.15938883714068,3.39612750025645
1,3.1254786476822,3.99146664617037
1,3.0740160207702,3.6410083941048
1,3.03979684916923,3.81372204584138
1,2.95520569444117,3.11914581573332
1,2.93286012442363,3.46295912663021
1,2.90648774646454,3.05734867801339
1,2.84486024475592,3.00039649075405
1,2.84295338118113,3.69119417397647
1,2.82795398640127,2.86457423299084
1,2.81776911600961,3.3437426457382
1,2.79450472146232,3.41700007072132
1,2.74414255199048,3.36913521132811
1,2.69393102966585,2.92707442907935
1,2.64246446874525,2.71270103567454
1,2.47695705729732,2.51751782340959
1,2.44039384232403,2.52380299487416
1,2.43219701349089,2.93147813126472
1,2.40846780808628,3.2441116961853
1,2.39721946977138,2.61708991906085
1,2.39012779162669,2.39634780053954
1,2.3727188856456,2.66315610563285
1,2.37233031413842,3.19094597145499
1,2.33275886041129,3.01438011644545
1,2.32109291026266,2.65943520166983
1,2.31050255404935,2.63611428716711
1,2.29751388814095,2.8541397427759
1,2.28588035459905,2.37879739292805
1,2.22109961535,2.28683441916449
1,2.20031976098293,2.27854787581333
1,2.1500055530242,2.59652797494123
1,2.09847031788453,2.14883885543908
1,2.08673157898382,2.13763574679184
1,2.0696386883013,2.22851904870144
1,2.05777124225176,2.29905067143149
1,2.056825722563,2.23234256664713
1,2.04841294520664,2.42638336961662
1,2.04149775799288,2.58993042738012
1,1.9966795882268,3.38864057057077
1,1.98685949113834,2.06486474359891
1,1.96607888521248,2.0566307451518
1,1.94450934823431,2.40354150339278
1,1.94298552511791,2.25529794151813
1,1.9424522276807,1.94452803740334
1,1.9415144638661,2.38795304838166
1,1.93999884399266,2.02839157218475
1,1.93286532353467,2.06287137019468
1,1.92335972380742,2.83835836285328
1,1.90602049741111,3.12988947051986
1,1.90414722594372,2.10323712853158
1,1.87497742392664,2.35283537715742
1,1.85584527460789,1.98900227252928
1,1.83905361921588,1.88940229531998
1,1.8194614530897,2.17448743849813
1,1.80194338310718,1.84526896988533
1,1.77937453075271,1.85854718578763
1,1.75888510275569,2.2302039714969
1,1.75875249199947,1.76063480114859
1,1.75584065402377,2.05825330646135
1,1.75554146082336,1.85878511780535
1,1.74168672726521,1.82638708786227
1,1.72378466284224,1.88508774807425
1,1.72072341192692,2.6747467414806
1,1.6693139635534,2.22600893703083
1,1.61698984966581,1.83308351053712
1,1.59573826703555,1.9318365815082
1,1.59253586671331,1.60448342237791
1,1.57334588852283,1.64153129875027
1,1.57163966050502,1.70782088495644
1,1.55455968037941,2.11786214340093
1,1.55141766714503,1.68354735240237
1,1.5261164222151,1.68462314887368
1,1.52252641739754,2.11764633791123
1,1.50846751534495,1.55082832417582
1,1.5007564192346,1.56729314519051
1,1.49702287595576,1.87243322770175
1,1.40667756974256,1.46329858974627
1,1.39183425828357,1.72723136456704
1,1.39163899372441,1.40849629092172
1,1.35915764615166,1.54056835639612
1,1.34605066381801,1.61470569507404
1,1.34449731552668,1.39925282756342
1,1.31977543216493,1.32257173233961
1,1.31940325865401,1.46617635969157
1,1.3038025169959,2.10120627707716
1,1.3022432248008,1.31046957800661
1,1.26073642888239,1.44698145078233
1,1.25012732925821,1.50785869175036
1,1.24794967741145,1.25362065246475
1,1.2223222448035,1.29170379499501
1,1.15252211802993,1.67869827330186
1,1.14575609570864,1.15209661705336
1,1.11777347062062,1.15639387810263
1,1.10858219401859,1.19848731424171
1,1.09280035633871,1.48410613416327
1,1.08870432504186,1.12204711735535
1,1.08831870278673,1.17827964664031
1,1.07196640888521,1.14763378575919
1,1.06298143900121,1.10420695497096
1,1.05925121929183,1.29458503407276
1,1.04842648380733,1.22405695933807
1,1.01249513425909,1.12117083581248
1,0.974193946676215,1.23307754770458
1,0.959940304680748,1.09613523606996
1,0.950972395666758,1.04434745637174
1,0.927234525297981,1.15896367650748
1,0.9217234405879,1.01122299186953
1,0.907949177930369,0.91826013737425
1,0.891853249735695,1.04448994274344
1,0.86924190646134,0.965924341128918
1,0.848298835593645,0.866653508686582
1,0.841616695353394,0.881942995317854
1,0.809232520028619,0.96267006016307
1,0.783697373621838,0.830427049865944
1,0.779579018962084,0.822539845577315
1,0.762806733445121,0.785157819198582
1,0.753000323727817,0.868044209641234
1,0.744451948710343,0.887480721295762
1,0.718602929327171,1.10468408646269
1,0.713079862733303,0.908680924655558
1,0.648401283332739,0.668490868964283
1,0.625047003514043,0.693745532828301
1,0.605356946474881,0.827874880703238
1,0.586462900711427,0.67346348876915
1,0.566732988204524,0.569678286178293
1,0.522086907015823,0.539948794984647
1,0.515623360272654,0.669631637371166
1,0.513069338455419,0.71795395996207
1,0.512142743914988,0.555803709513962
1,0.507222755495739,0.525372208881362
1,0.50208254662934,0.558364844970651
1,0.494476317630242,0.638861159389579
1,0.459970812081776,0.559882088430315
1,0.459340220934018,0.519836527177984
1,0.397434717028297,0.436497589650094
1,0.387970298518192,0.393465542055519
1,0.373234470371046,0.42250186873308
1,0.372709401600959,0.402486636764235
1,0.34470545295963,0.371731224164516
1,0.327086768866042,0.334736510728794
1,0.323456439306652,0.332778646276313
1,0.268721412936915,0.308000936459799
1,0.25683457231812,0.320428923422533
1,0.243722953598406,0.246409198727149
1,0.206569627201055,0.232495496089024
1,0.179317739949102,0.222179425785559
1,0.144713310835904,0.145284050212686
