"x","y"
-21.6336884643559,111.85310144081
11.7778086987669,119.464000604947
-21.6707689010685,117.035193246696
-22.9286804440388,116.490633480216
-23.3212368534174,116.417964478798
-25.3042397771845,115.922174386587
62.0608861221544,101.547874997012
93.8241985383763,79.288197078245
93.6334303867054,79.5144444380057
92.4442561629386,80.15024341386
93.3900652451036,78.9734396399656
7.83473920668851,120.548435299882
93.2388735143636,79.6569505606986
91.3460455023515,80.226337005854
-33.1737479718383,113.875916622179
-56.6049731865402,100.844001716838
38.017815825166,117.608941026495
-77.053615865435,8.53855814294329
-99.887933092551,7.21218668791798
-105.328299867962,6.80922259133149
-32.9172243254733,9.75132133166841
-93.6584204892069,6.87372392059482
-96.7090298019728,6.64960954974174
-101.849366631398,6.11120572243075
113.097821834569,2.38257923072016
-18.4303332857223,109.433606285681
-65.2826502928519,100.486109324173
15.840490874983,114.400775311076
12.1683082354231,115.191868989747
11.7202842765968,115.14316961246
110.113296925789,75.225639907874
94.1755908055765,82.2210971024388
30.8279556611187,118.888934791029
131.444690155612,54.4130810955725
-32.6816405288841,9.99288896494804
-53.8708107844883,9.12913581073852
-96.8282512886663,6.85854591365946
-22.6977790876429,8.61007989759544
-25.3108078270299,8.46534029562403
133.277838430011,52.7330466712663
-55.4658159350595,106.828823891426
-32.6587445925057,10.1632166354543
-32.6514968115658,9.94715992638852
-44.7410051063566,9.85711840309081
-29.8008364098122,7.28431588693918
-29.8733712558738,7.04120952034803
11.4398506810873,118.289832173772
11.3887785288468,118.500317498869
-20.6683051290608,116.330141075329
-26.4544774687445,114.624962959426
92.4809810755424,81.0096147188642
11.2161559766565,120.756176552338
73.2470971923121,8.13634495343658
66.9405469418732,8.41832439480432
65.7976815829261,8.266309951191
75.3975319110068,7.22469089566537
74.571938112085,7.27569911412562
72.8486977981189,7.05498877222682
69.1220528841852,7.23695726038425
68.7125510547957,7.22684296770386
68.4527237524567,7.50149072197525
-52.4993741935204,15.6272088873308
65.4842022894266,7.37502539236775
64.9273367852775,7.51700844275834
-96.5700833513319,1.62948378724343
-69.400238094953,3.10740636503496
-70.2768812000161,2.80119422410662
74.9216371898126,0.545016540001815
22.9442409166387,-2.52937623028261
27.1433231747286,-5.24336386429877
27.1487334452406,-5.2466546553038
-22.7417898666282,114.257474567757
10.9859158037622,116.142727376974
74.4691139820492,100.399545658329
-98.066514624611,6.87972151605479
-22.9575218183845,8.37515315462581
-50.9380813738407,7.63040169441157
-50.961494490894,7.69081481389022
50.0141501253596,109.998935898801
-65.4728893399024,101.062054330792
-31.4661546228913,10.0306570652709
-31.2144731190812,9.40338410166778
71.6295844700987,8.46157043411029
69.6685303815494,8.68753039392047
-119.03376874954,52.826931125723
73.6587818906143,10.0288140803415
59.3259387595676,9.94787285741046
72.7922706809083,8.49588027189557
69.2768862861453,7.96716496696814
67.4920749811095,8.04862377570335
67.0769076602636,7.97107590874253
59.0289183912746,8.34788008211109
58.3937994740368,8.40872072293833
84.7487090812344,6.13930604631372
75.2825696642878,6.83296197274379
75.0314829036898,6.65956375942609
74.6589640261591,6.68518652153207
72.1370291728481,6.7475291216228
71.2582974433713,6.73245682880057
71.0892216979133,6.67476875765778
69.9636959566472,7.06899184891564
69.8963582915135,7.11783592425712
69.8085335465487,7.12599444897937
69.399910186933,6.75273588680699
69.3773797582036,6.7755954813762
69.161314550946,6.94961002373884
68.8332856860881,6.88591772941493
68.9101034605298,6.79928939034666
68.7594774938288,6.8161156115269
68.7613038613609,6.88122576756857
68.8540917707361,6.79522381089623
68.6345006377616,6.90250187602162
68.6278296774199,7.17491252733742
68.1275193018346,7.21107213464238
68.0644551981243,7.01733624916427
67.6676065802419,7.13692070220863
66.7171338072586,7.15681792112076
66.3334729324046,7.2341096207767
-74.6345597147813,2.02991854347168
-84.0966749581695,86.3881351395994
90.8566887956787,-2.94626702005214
90.4689415790913,-2.84832840033582
26.6787034797387,-4.17858134691545
90.8445547237691,-3.61351170713754
89.3810093260209,-3.44478315475715
93.4087489093334,-4.36295385267552
9.36452021932117,125.167048352407
95.2298045734417,82.8716744650171
7.85529700629013,120.491551941934
7.70294622644242,120.481844193276
20.0947686876814,117.181083350467
-61.5800372840847,100.234067324711
41.3499666843294,115.936904947832
95.4481559459473,82.4738552683479
-76.8947444072499,73.5166840105261
-2.92569666391931,111.480105961911
-68.5333006297909,89.9305469700661
-93.2453382183881,76.9665569119719
-17.04687579359,113.387667994243
30.1933736655709,118.486025857476
70.6464825020927,2.34375805805924
64.8170436163804,2.85707690793104
-73.8398567711492,2.26180334479578
-89.3242460692876,2.06958172496515
-62.2780987952861,89.525792294608
-68.0093414502208,86.4539536068668
-53.5704757468347,92.409377818402
-55.3857684517778,91.7133305239046
132.159531018515,54.0109726456294
131.028862771031,55.0227511828072
94.4316410266213,82.1252875891189
11.3335510669869,121.892803629689
10.8807743998124,121.996914442178
10.8780922394215,122.254412605225
11.089530318185,121.26168474657
-110.483717648237,55.0023157027383
-114.025551896256,52.234846735725
-123.07873807032,44.6716154362385
-16.2396517529753,103.186284410835
-117.761321652501,54.243480946879
-27.1810131590047,100.019128112178
-27.1767901393726,100.016842724902
29.2218398110868,117.447445227766
-51.068009490905,-0.46868329706244
-57.7622809732582,96.5491922556528
75.0934637180138,5.81694411373918
-49.1575383321272,-1.38822124483157
-81.8211167304288,74.6463830211549
-56.8550235681374,97.2633343073535
75.9527035655844,5.96294490437523
75.6592780303466,5.81677954232488
75.3454904768478,5.91771181152212
75.2207409435278,6.01485195163124
75.1634784223003,6.03414915981066
69.3518730870903,6.32263648606672
16.4382753042291,126.114325750526
-48.4880894509388,10.1856633229962
-48.6630151881436,10.5086334882072
-101.195068925273,7.48002899223025
-3.92542232511837,111.091425098531
-20.1061274499527,110.856688000547
-18.0547857135159,104.978228396903
-30.5230590137036,8.02078490757611
74.6545056267414,3.71699939814832
74.592138769262,3.77203185515814
-19.5141116831106,11.6376484160488
83.2752060608194,2.7512763285225
-25.194311307789,8.76727867018427
42.8926909342726,4.45205304932594
65.0956034401915,3.02458456544613
63.7446666929515,3.01354260553954
124.613596124423,0.207970124530961
109.770924975687,0.117086433570696
87.5277285861202,0.0888014884365254
-105.785325073704,7.59939020088039
-105.949650701254,7.56200661427067
-106.964487719044,7.61840520539949
-106.982782387368,7.59060176616743
-47.5941744687257,9.89253380358914
-49.0559510630842,10.0153128652865
-53.0532253659501,9.95287255140873
-99.8220165229122,7.36958853741227
-96.33190970517,6.61859144417633
-96.518997976814,6.69016940111944
-96.6537831900766,6.63750494455784
-51.5928300272445,7.02983695284726
-51.4430195018751,6.74550763333865
67.0519799681172,104.026907539844
66.9600736916268,104.191117096252
-115.046464160366,59.1287253582767
113.982377078873,70.2286473922762
113.888588123169,70.3353738996244
-110.167100846847,63.9494150401952
-113.433225701132,61.7875474847615
-66.8383291800887,88.5403931856742
-64.8625005020161,89.1306416969148
-66.0429671607898,88.3146300417299
-66.0400709587808,88.3169320179182
114.289239763778,71.4047267248755
114.024085995904,71.3732086165756
94.4774338031876,85.9172195907595
94.3168352202752,86.1611714761302
72.6255178176031,-1.35940981156953
72.5804766448406,-2.31909722339954
112.115212672991,2.11563240604752
111.290530108149,2.17301493140203
75.6103920180348,4.71869236146346
68.8074729853594,4.90776464115305
70.654135177292,4.18574599583029
70.2201690550304,4.09799565024143
-19.010991250744,-0.394544372981702
-50.865520666761,-0.311814906568404
-57.1447536831329,100.622188165263
24.0991933637188,-0.390359220029654
26.3448902853776,-6.90824755533039
131.251103516158,54.5284336604264
130.563755109927,55.0564251633006
-9.3287146958566,100.786617044337
-9.36677788376739,100.670095431829
90.4276861351958,-2.42872635494952
90.4274687282001,-2.42630300518628
89.9136689352111,-2.28553920449589
90.7742933208722,-3.35297567712103
90.5819693903843,-3.28686842945458
89.4774619104435,-3.39912695446086
89.8207736527622,-4.92302383178986
76.2106926665725,-5.34831017947322
94.6671534486127,84.3344146788329
129.457431318102,56.8252276766426
132.196867264264,53.6676328461708
130.740769974818,54.9673161584072
130.235908344126,55.2827358981937
-59.0725272316378,84.5242089840328
-22.7581347456553,116.790322166993
-23.9562073065354,116.430428535889
-25.6170755482431,115.773053837408
54.5541476343551,105.035136755871
53.4238600933171,105.10814198668
54.864151984364,102.790449981345
35.7773257434365,119.126307604296
-14.8798509035659,-6.83979169820225
-15.7749096361669,-6.50990413533153
-104.314498698483,5.06230753293137
-51.6926655014213,7.54018553262253
-18.1983869457236,109.24145688448
-18.28355927237,109.262950917503
-102.600357791395,6.85237894658952
1.61780812965721,2.91553534773121
101.130545318364,81.6094447579309
101.130766590995,81.6071722339236
-27.0979684553762,114.273292330182
-24.2639884367929,114.488358057676
-63.6831226016453,96.2549714388201
-13.9752897856534,106.321248926672
-14.5627031811636,106.321839382113
-16.8098690796239,105.89094001347
-14.715245895058,105.310667967723
-14.728717398223,105.365019830323
-16.408302959557,105.254386242142
86.1390781966934,-0.830092944865774
73.118491346667,-1.19373831713713
-94.5601629443499,-1.06011884100368
-97.3439747292713,-0.897959089720225
-31.8345383146416,-0.902366538008193
73.1095199227225,-1.77032665782361
-62.4188753521601,83.4753225420711
-62.4106279637172,83.4768580948608
-23.4815996186093,97.8374808092878
-25.5672616875584,116.437001568531
9.66065870936296,119.921943526946
93.7571650210194,78.4669416602894
-115.306000454608,52.7199921391253
116.456721691043,1.12638627167025
10.4075986281852,117.105056310206
10.1339071207987,117.195528115749
-34.2119747938193,110.145055894296
-67.9117882341339,72.7350238340396
74.538859921178,11.6547269337879
108.962155572862,7.61615574899917
75.2248403158054,9.40270320136327
75.345971786587,9.40117105851648
73.8107836103342,9.49528488310725
68.1361737105163,9.92165063361377
89.2619881193513,-1.71938226745538
-26.0574755938589,115.393396753629
-39.3842679964827,113.672722280558
68.9865192877688,11.4995909590102
67.0241944629954,11.4464708897589
64.6276099966015,10.9354034610734
75.1057139546606,6.41749999611883
74.8618447874909,6.09713208208123
74.7462748084914,6.32344447978723
74.6766674765101,6.16618233402689
67.4182303430496,6.4877527480623
66.636735966869,6.60013004261586
65.6430959808234,6.77888489193281
64.8299855899418,6.77843965417577
71.4161085167549,5.63102427627787
71.006179002273,5.72781332168319
56.1195503523047,6.39302513178492
-71.8787785482883,82.9334753371431
-70.7802273840549,82.9843725883348
-65.6213229179447,5.58621249667715
-79.024931128315,5.20354651769754
60.0722969394636,9.26755604727092
68.9625307449024,8.22412859646117
59.7104267346971,8.8256750878484
59.4124838305379,8.72163706852227
59.2830988821514,8.65631175665139
70.4804403767997,7.43940683046946
70.3733473505129,7.28387619450622
69.8837974486127,7.2197487020502
65.5829849220721,7.40366448134963
65.5080087372782,7.47430217447464
65.2056710822151,7.77038627902511
65.3853749921595,7.50455666852084
64.9083973120287,7.40306915512161
69.1585727570343,6.6642778025647
69.1444516598108,6.42527495422539
69.0005068878014,6.47785263862246
68.9792769937562,6.76806265862998
68.937900153366,6.70287398370137
68.6649172768476,6.47788039857756
68.6648286971078,6.53662360292676
68.1687209221552,6.60488513840829
67.2339619231556,6.61331199955892
65.9501376297369,6.54986509366914
65.9580042719772,6.5523867768525
65.0033285839848,6.93976168307591
69.801387525606,5.83967708157808
94.1657579624068,78.4831402617683
93.8395198113254,78.8018820193229
93.0324559505531,79.2627260203621
92.713062648144,79.7102047118862
88.9929274554423,82.0308703482384
58.0514734648091,103.704737171941
29.3343637012379,117.652876601751
75.0795644982159,8.63755912361162
74.3831439949253,8.84450635350522
66.7856715467983,9.32884938498279
62.2820537946591,9.37242024929428
62.1872531813777,9.41767699017019
62.1792287218558,9.41752266427157
90.3871266751104,81.6967875535735
92.6602658013522,80.4280296980278
93.6863346655993,79.5436254706474
92.7795939507843,79.4833673869003
-95.8059363070784,-0.617293390139743
-92.4916175448857,-1.56700112850232
68.7951985457419,6.93891611527475
-116.789520145515,54.5232372525272
-120.148133885079,51.9728935283323
-70.7925626682819,81.0913933269099
-70.8632315384759,81.212036734885
-70.8709724304489,81.1570834948298
-70.9436413202814,81.0598258636569
-70.9964130953797,81.2266927636803
-71.0044156255275,81.1959557656521
-71.141382306567,81.1400720562957
-86.9888859256398,72.244433326328
73.7208444410741,9.13736841691193
72.5489563071569,7.46775183491457
72.5457169080175,7.48065788649327
72.3441059681945,7.54037443640124
70.2036921083663,7.63336133270216
-76.1488180907957,84.3992761070887
94.476704273373,82.6594666383332
94.3616272766689,82.7572301332639
94.1967047107587,82.7173348011308
94.0341810953864,82.7306329902628
89.6498506775428,-2.65980254292001
-62.1344205403668,18.1172950376032
64.2814141775713,6.0257475487089
-60.2224368887116,18.1935116071591
56.1027477416904,6.21620573391167
-74.115375921374,2.0652293357843
-74.4053764662083,2.19863610716884
-35.7417008254115,16.6300008326986
-75.7142911681411,77.7959039146662
-76.5343947985387,77.4625809941132
-82.2768674157813,73.6756797857778
68.178952704424,6.01673618530088
65.9253997924757,6.46857465650313
65.9237008321177,6.46520929187002
65.3306130174376,6.19152436900333
64.1403884580602,6.45803554258422
63.2092490527527,6.63628969109897
-86.9777112516599,71.434761145245
-54.1072501040942,103.09845098735
-21.5773883317162,115.763167375583
-62.2194229617861,99.1772120088955
-62.0880565798857,84.0305855095513
-71.8650158562421,79.3202736014644
-77.0492730402168,75.5345465194212
69.7259284585618,6.13796254841155
68.1200795404857,6.23819335960354
67.7633631636374,6.42166949353075
66.6403600935629,6.10514203604142
62.917705513446,6.3963643992758
-70.0063685896946,80.8650846313156
-14.4719991543035,-5.30589557798067
-14.8439405382517,-6.92123535141772
-14.8559583226462,-6.99845865416795
-14.8696813335396,-7.11295750579063
-115.49670455937,61.8981020893306
-58.348707637463,97.3705970718552
-64.0390720781024,94.9154988183803
-79.7868647275307,85.7385868581851
-55.4070127312314,98.8968208146223
-57.3471708033894,97.7395686024128
-105.180796256294,69.4964565264216
40.5216340193324,90.1181050272472
-98.9456251958266,73.0311950048843
44.7948693369382,88.3801309274244
44.7972221280505,88.3849750072362
44.7644326157609,88.4304169576226
46.3081002498953,87.974336601744
25.5424264091802,94.6619228348208
26.4009634101414,94.4575895840297
28.0724279099983,93.969960530369
28.0799109172373,93.9709878859725
-15.8362648831255,-4.95219448753799
-16.2024375266467,-4.97695658318814
-110.22034118184,63.8138764172042
-112.434509896216,62.4983855586451
-65.8057396492167,89.1976644877838
-118.512604478156,55.8406086583311
11.2935413552381,121.929960928643
11.2670550453937,121.916729291244
-28.9128864552445,116.13976235415
-95.8647913316479,61.5037218759817
-113.763290186474,52.3511658105649
-113.719978735463,52.3579097325258
-113.892013314079,52.2881384570715
-48.379701368935,87.9469662311455
-60.4180151239478,83.0206751073477
-56.3537221378112,94.282261123402
22.8780095591645,5.01959312117845
-18.3496008349765,4.84276283462605
48.2141355894429,-1.22596530335261
46.3529589228822,-1.52283210647484
89.8337850899673,-2.05535850989108
-68.8117139294661,77.2213790051501
-79.8324430286379,72.9483192540766
-20.11393296084,110.832288966755
-20.1133805090461,110.837699991246
-69.7239841044448,78.2237783364745
-71.8940082526829,77.9184624007056
-70.8969355392493,78.252118785832
-15.1949613747536,109.268107990466
-64.1063316794257,92.957737406441
-66.6638818907724,91.4558040655866
-67.0544927582648,91.5457832628144
-90.0867581555523,77.8430770532679
-90.8709187453162,77.3531544943525
-91.7423744380521,76.7528965162731
-116.521682567076,56.1034415682497
-117.391291520322,55.3456189712961
-117.399632524999,55.355727579431
-117.561878411849,55.236224080667
-118.186136619399,54.8011946221003
-118.496074797234,54.82542815895
55.5578953776045,83.2332759304434
-116.812962989728,56.5950255674394
-72.5004836441318,83.3469745063072
-116.234123848991,56.3698223678888
-116.575737995345,56.1188590202397
-68.6858174944723,77.7859581563067
31.7872867615886,92.0519399344603
-65.5497990520991,79.545643082303
-65.3496404564161,79.6589076993009
-65.1596106504492,79.7602923418402
-64.8431750264397,79.7093544223239
-57.0698530591252,73.6650926875499
-61.9168295450231,81.1021368824958
-61.732678353504,81.1750023036844
38.8746676254056,89.9458081215671
40.4619085571321,89.1523424638546
40.96362384813,88.9382775222536
51.2909860826504,85.2295969926185
71.8090354839467,2.49963390221182
116.045199700957,67.7818362217052
73.9446831255084,2.2857611547197
-68.2735530642716,85.6438011316958
-60.8994937880396,88.7494641393919
-62.024049465025,88.1467650618062
-63.0365081992759,87.7270458547813
-16.1293237559651,103.057205031534
-18.3612547752144,102.366268494386
-70.0384704910069,78.247367121552
-69.4257670564531,78.506101550679
94.4936695398383,77.9640426508471
94.4752754522029,77.9014289612746
-69.52843935059,79.3477661731226
-108.657451389292,56.5614373159308
-16.5086086759036,103.010853475442
89.1545864597189,81.4162271955419
-68.7662671428433,77.4182728546502
-65.3890708476067,79.2892140608766
-65.2860749884265,79.7729091698645
-63.4039995888366,96.7784501695051
54.1890518789198,-5.26198214284224
-79.8474660168133,6.15246190219283
-81.0835743180294,6.09723169986743
-81.7875143547093,5.76360092166718
-82.8928741960329,5.19257284684913
-13.8932263754213,-5.81468425691491
-13.994683175844,-6.06305336744269
-101.392087419541,7.05445958006716
-100.596537113461,6.88293912172364
-99.8929688762081,7.13966046486978
-56.1815267157085,100.786730401899
-56.636298829073,100.712061122866
-10.1970848411628,107.858005432119
73.8138377149749,89.4280084459065
73.9170622115548,89.1911876943589
94.1330371856388,76.7954031901463
-12.4798146566798,107.523801397218
52.9626331658195,22.4961304004007
-61.4927422707587,17.5328741050883
-31.0585145586016,-2.01492859714339
112.850040018472,2.07006710357413
111.264430482375,1.93220545255642
-86.1389599603563,77.2199495743332
-59.8085892900222,76.2352250223081
-77.6293252354404,8.974004369479
-1.80172638181088,100.455666887171
-50.8821209983066,11.012178110241
-49.6065396446277,11.0908732710277
-49.5257739857579,11.1115885193636
-49.3748540015639,11.170870022126
-48.8057188342098,11.2355939290897
-48.7570967928355,11.1481172926972
-106.017555400881,7.05991336120281
-86.8207353265027,9.23240595758744
-52.0326291554701,11.7561223708848
-47.6021432692855,12.1597311898305
-47.6062487788662,12.1650374257361
-85.9586558267868,10.1670819028179
-21.0800289448649,112.609622298427
-115.56369095165,8.74843600798445
90.7462179870374,-3.55143489631254
90.7781377362925,-3.56637339544565
-103.274163037055,74.9201552005196
-66.707728534515,91.3072416371974
-64.6746075904105,92.4467428317056
-57.30660665373,96.2629751964493
-55.8905102805424,96.8632911965016
17.8463475255886,126.859581697971
-58.276259832016,94.4015437700262
-61.9490020692157,92.2298848154664
77.5677104185216,4.97746665103882
77.5542063672019,4.99420003314054
13.0946032703361,100.616567740079
13.1620188052498,100.628689685186
70.8813536453167,8.83790355690489
93.9539792267541,79.5621806387752
94.8719952350202,78.9405449657489
-69.1365928565921,81.2781854509085
-67.3653143032692,82.4041628588535
-87.9133789640301,70.4267398396543
93.1045044433357,74.4716154461356
65.3447667894481,91.7953441023127
-121.499273152343,50.5418534890615
-67.3698774371729,82.3503177816173
94.7288073411326,74.2982578109426
60.6801104489957,94.9626413282826
67.4179751710612,91.099188234762
-12.1172855086999,104.042188201944
-13.950372549693,103.809879555892
-73.0155689985774,81.1484946153102
-74.5422812331614,80.2552359681741
-116.888933879421,54.5962527778737
-116.898298598222,54.6237632130052
-117.136534579707,54.6173782076356
-117.562355507198,54.2314778497544
-10.0377210418028,103.187311982134
-18.3938154191001,102.096117933237
-18.873132160966,101.89891652218
-19.1039568660202,101.988070234778
10.9060701399839,120.50581781757
-60.4542398577619,99.3389514057892
-64.5423980659876,97.1988436393091
-60.2243808233103,105.760432693609
-26.456629800533,114.946201916813
-26.4887466412213,114.824550585399
-26.4798655780506,114.823434422254
11.8304064424888,114.616208406486
12.0894211537039,114.776648907296
13.4536315757384,114.56926282618
9.6713049971438,115.937214254558
14.1064014260917,115.2750547728
-27.1634929458915,86.0359614310251
59.8019738431545,74.7833768603274
30.1039159983013,84.462228006526
20.8687532398425,85.9304505810738
20.3881150243873,85.9067090250631
16.8140915540957,86.3712634714685
25.3975464633659,84.2229743714933
25.5249987129205,83.9971647942838
18.314365147773,85.2525683407627
-30.1691287575973,7.57237624284949
-30.1967215283407,7.58267123897432
-49.787949983963,10.6280395104488
-105.938056464733,7.65951695182307
-100.595836393238,77.9333362619097
-16.0399340669859,93.6523881734237
32.9486845254342,103.020042163725
40.7334288984543,99.2103581051256
51.1348938786317,94.563157848086
31.3354430929796,87.0485640606189
94.8892276658813,82.6870526647813
12.1857770915076,109.225879425968
-57.4298245815827,92.1021564716296
12.2069421997747,106.896473178421
-57.889914363698,83.787542641627
8.95034599484022,98.4104745779588
-48.4096958487807,87.7776719380568
-42.2205223276668,22.936305794221
-41.6420294282051,22.8223006372325
-29.667913714042,94.0885434033703
-29.6825626948814,94.2472159105426
-119.597880257677,53.8779633414272
60.6572902347579,82.4424339875244
-58.3186067009231,84.2633906072129
10.5164520509518,125.811579213611
30.0143539841106,100.639361139793
61.9302561452639,89.6470542768177
61.9271697169029,89.6542630216477
66.1222762034813,21.0174876363895
-57.7004015262669,78.3317642873182
-39.0833072388153,85.1863149341972
-26.4861831530004,114.820759097513
-33.9946569820089,110.49324767585
11.4243382439916,118.020007567086
11.6147644424996,117.960098595609
13.5590590840854,116.17983481115
12.2106654879443,118.81064101131
-20.1671865132296,13.6243650063253
56.664915983543,82.6696789761867
31.8735970422055,92.0449824351659
-119.288776850012,53.6494362024615
74.4107462494593,9.27911682048272
-72.6768701183526,1.86695061610734
-118.184257628086,54.4255409564142
-117.6391769331,54.6806982005089
-80.1538237783706,77.5288975993333
-77.1383938725269,79.399979948568
-71.1100035638939,82.4382704060399
-50.7514085687039,88.5279133240173
-51.7618939912435,91.248257291646
-63.4124447794093,96.6919362900045
-63.4152043534405,96.7204150979431
-13.0668811247201,107.667830464343
-55.7846176668364,79.6521349526356
-94.6229815558397,62.0286711175894
-68.1272036642639,91.3061258662251
-60.7361080712009,19.8995045739254
-122.277810284179,11.0111618080293
-66.8275113298652,91.0198629031896
-68.2966687333605,21.3242648081933
-64.6719465914195,92.5122312855208
90.4825975034647,80.4374791028211
-65.5886566610185,80.3956058469248
94.3261599804887,77.7694373652238
94.657213579129,77.5751258170643
-64.5299067425195,80.86504325708
-64.5306409359363,80.8668165254421
87.8311642498157,81.5499477444228
94.1246214140054,77.4028451669488
94.0594761056517,77.5084142937854
72.7843543876188,89.619197200105
90.489303779706,80.4345534541513
-68.0503396653819,76.9675641491083
-65.3858961086824,79.6845202531476
94.0684473794902,77.4845395950925
94.4097626700792,77.3149119550823
-68.3604749710286,76.793128528797
-68.347968594295,76.9539082002949
-67.995469820638,77.0928273532431
-63.9533404866398,78.9802142690606
-60.452952207353,80.778452786222
-63.5547573267617,19.3887382241794
-65.3967616265952,80.0689603162088
-6.5578225019414,13.9881046294974
-38.2301120444815,86.5599654380239
-66.9467170655321,75.6285438020065
-38.5405919362193,86.1094273276713
14.6021522532851,81.7111034900742
19.3709250108648,81.2834149974135
19.3790507161599,81.2834947261537
116.255606248376,2.25295336639765
-17.0625121986385,100.464740629593
-17.0754038612922,100.35669630382
-16.7372604802379,100.357882705123
-13.6485291949225,100.669136235867
5.73615496121185,101.536964611096
-19.1515185823877,100.536629893343
-19.1715517593526,100.580652629015
15.376724159908,88.2915075893871
23.2277137201475,83.8138402430061
23.3026356129025,83.6778825637175
16.381320199133,84.6952289160911
12.7422333778717,109.133965404773
-7.23908579046886,29.6735735622668
-65.4931472534759,25.4336681626619
-114.512412552489,58.7944697330373
18.2637500599818,16.9914809716106
18.3111994917415,17.0295031666049
18.4493705737737,16.9341923814578
19.0350543288977,18.0139421795396
19.0924636711909,18.0681465518138
1.60965151812658,20.7543080260639
1.89054381356515,20.7464698438115
25.2098001723329,113.265597037881
17.6524107603349,91.7987637122942
17.6593386152974,92.0331162455829
-12.010853852571,22.8283214708947
-38.1141382466275,22.3320830466829
61.5775531417755,10.2708688805383
58.8848230400709,10.6423187023144
-27.8898675947311,118.426013568062
-27.888773313812,118.483125229434
108.925154861041,10.0156947945805
69.5349859373945,13.0529979216098
-69.908098658321,70.3379452985598
-67.2931548565905,71.34678024516
62.0455593152763,22.9316920767405
-67.0643793035687,69.9223880258934
-59.1205877149024,70.1119956960346
-59.0903793404021,70.0074281590453
-57.3462105973011,70.8816230094772
-56.2852628262643,71.1136687232429
-67.0845075832538,68.6455218006112
94.4554162795856,76.2170422615176
91.8980874500998,79.1144837618867
93.4630045131017,78.0758790919813
93.9362953265885,77.814691935423
94.0614620243023,77.7039619707645
70.9231960708962,91.4599178019021
11.7980094132533,93.5301690737677
87.7230369035847,81.6946201711069
-14.1200333471416,108.47183055147
-12.7405972283703,107.179366160949
11.9842427780943,108.933814834284
12.4743962319015,108.725438987333
-113.87841948613,49.2229286866032
-67.2656176560488,74.3082360608226
-95.003140442009,61.1302758296963
69.5772216988832,89.122536680256
-67.2738049693681,75.1874236441847
-67.2005494755528,75.1423016676257
-89.0888117327685,57.5407910803994
-105.115207420774,50.0198296412112
-104.867280229924,50.1165463091564
-104.640355356745,50.1213676233344
-97.7054305851302,53.899423196586
68.7418557724358,90.4927134150307
10.3782481646748,82.9487860985095
12.9454062158136,83.0148152214227
-60.0339104705534,11.0953252426992
-45.581198236859,12.979917126936
-20.9327523604941,112.658033134539
-20.9316583746025,112.745868871844
-46.9500872218343,13.6825162061505
-115.603919418029,8.43075623293504
-60.2719114388424,13.6729758447084
-79.8218184014767,13.125102839249
-79.7475078258272,13.1881872205573
-38.9881311745837,15.717907941353
-58.0227450447704,15.7757444773712
-59.6258071462422,16.9702424686121
-61.6068004600294,17.7017009595149
7.3271821963223,17.9295141497702
88.4249985480429,79.1028102664329
94.1454203578611,75.0503752929861
92.5491015615704,76.8727887955909
89.2615842882752,79.9188953167664
94.3409477126376,76.3882851634491
32.70149291498,110.225522135121
23.9010355470879,93.1118245698386
25.9334161466674,93.8690120820808
16.7794567128835,96.8609427086135
16.7823329392761,96.8623449226346
28.0383132772489,95.7278151660709
42.8258831001488,88.6742267391615
53.6041765854426,94.5941796420371
63.4669197495523,80.8071216411231
63.6882109499622,80.8534413919971
-113.828802497103,51.1579589562683
-76.8026554920387,69.5607942274463
-76.3244620711613,69.8694695354473
15.459578905422,25.6938134924386
16.6549962296349,25.8480392693296
22.4666711424493,25.6379451562579
22.4611744355141,25.5255130830008
-110.474692193492,51.7130083464149
-106.022060086081,54.3331748579678
29.4575322444716,91.9835769713148
36.2453718951336,89.7620355128096
-68.6297660925663,77.3726138365919
-68.463822433801,77.1460465422211
-66.1154185446419,78.2671890471989
-68.7930184166559,76.4070096522044
-68.2240034200927,76.5970268488429
25.0344393793006,93.0683485427263
-101.934692820065,50.5366473944929
-49.5184694902847,11.3903253069826
-49.0172503856445,11.3640214327988
-45.1258595033995,13.4798491919075
-41.2328165691764,13.5864207890195
-5.43608646351525,14.4186990210032
11.4634746406026,115.503330038754
14.5377295397397,115.785005971671
-47.0680564897666,13.2981624113117
-46.8099003307014,13.2612377728219
-46.7932679912999,13.2495897764467
-64.8260819073801,92.0835255945334
-66.7454187787213,90.9600294249859
-66.7450954068547,90.9559162965384
-69.7687819412582,79.4125149497275
2.14315330732894,111.571179164518
-22.3604968402217,96.3315361676661
-0.255032805309957,95.8744207303789
-117.326385026863,55.9582872395689
-116.226737670217,56.7854611732904
-115.556078961986,57.2062112458658
-74.7831343151788,69.3968561134755
-74.7817444746665,69.3950977084644
-89.430885859605,76.6911110761488
-97.9541089040966,73.4255708062886
-121.086918449244,54.1474235214927
-114.59669927025,58.8748465780606
-111.401896063225,61.4573426717038
-123.05985387046,53.4885757041394
-88.9505243927174,76.8384705927587
-109.669159378873,49.4959053041267
-90.2106740565677,77.3370038360043
-58.6637618252752,75.594945236352
15.7657368589575,87.1058789655699
-57.0629620527194,75.4208963769042
-57.1588163225475,75.1622140283315
60.9923584945042,22.1671795992446
17.798121874457,92.7320908358761
-67.2904894948329,66.8815807011208
-37.0179298790867,88.8209242287853
-67.9864418258098,68.6679944813694
-67.6207936550792,68.7072573171319
28.1510329096604,92.6522571894657
38.5038510706057,89.5926887469938
16.7598957336874,96.9347923267837
29.5142315386312,93.7663472304938
8.28426520319344,99.474404593925
8.35447394190776,99.5704899616267
60.9720767756915,80.4005120665245
47.3408726132181,87.831999446723
-37.1702438998169,24.5473695639438
61.2735118805234,21.5983974140148
61.1589217584033,22.2344006530973
-113.201424460196,51.3178872793373
-68.2051070387165,21.7849773725022
37.8976246515939,93.873134936415
-65.3519670360718,79.218117907887
-61.5781718399793,80.8627386533337
-69.4693729124765,77.9337917118478
-68.7356173604603,78.250627999573
-68.7268841462937,78.2825343001674
-68.7307455958131,78.2809201363301
44.1045728337256,83.7770621948054
45.3168038692737,70.0668811707597
45.6713242457649,69.9335656383885
33.507416413904,88.7652982946424
92.9050802300476,79.7219320918894
69.2198999800907,90.829217622125
69.3204862445505,90.7673442176307
32.2925454870519,88.0792506822711
17.4485680308743,90.4812474966658
19.0344002276461,92.8317511728335
-44.55179084593,13.6614411725605
35.5899874715219,88.7895527343049
-44.5259489764969,13.7991879169335
-109.232239240975,9.1259987809032
-60.4747797253576,13.8282939210267
-62.0132783261323,69.2455501614875
-61.9603308535432,69.2562245770001
-66.3786896422612,68.1040966128858
-121.735642838694,10.5607896632654
-64.8777408980197,85.6685000012393
-62.8639612761867,86.7961321040854
-67.5374715218058,69.4926231152586
-67.1588352429377,69.7121667311668
-89.789690396079,60.4419596150462
-67.9031228975109,71.6632750679857
-66.7214755531424,71.9492131158159
-70.2365823762438,72.0340169452177
-63.6707992020471,18.8331532023949
-64.8842538177153,85.7167582428965
-58.8272641659926,79.1778636003367
-67.9419701007042,75.5434528824707
45.157641745702,71.3842768324544
-92.1420697103934,62.5299754149678
-85.2061000164004,66.2070760494705
-67.7609079199195,75.1306369568438
-67.3228410386558,75.2026269501905
-64.1319831311664,76.8166074466508
-63.7873114897231,77.0062085282881
-59.8193832045589,78.6065257423027
-65.1760092871122,25.6938065313706
13.8357863964886,81.9474422611905
-39.1897555633742,87.50039638059
15.6815345335338,81.0295081768387
10.4952903018727,82.2018866526978
17.6803882293364,81.5739927245667
64.5712360377817,18.1288727487603
79.517064475046,16.7706927834014
-38.0794028349642,21.594351974601
17.5874700348782,92.0352003697536
67.2282202661144,91.0639145616095
92.8479845355876,75.6449297248467
27.4013101168426,108.80092688797
12.1671569231083,112.957456202647
43.2019907950005,103.011109583921
85.9388999110163,80.1115040896334
12.2219126942346,113.994867470965
12.4307468138912,113.362517125883
12.7962443701764,113.360891843945
13.7542543883343,81.3236291464641
-67.8068704850686,75.2957736098666
-67.3504556472277,75.6176200429965
-1.20971479363913,82.524124905721
75.8955638147458,9.4477031768707
10.5002294027369,82.1971514400688
22.8270912894448,80.6514616292979
65.0374263467848,17.6217372195663
58.9643415301183,10.6690501900075
28.5033771738991,83.2794745979503
27.9590034743824,83.5186104830851
22.6179143975179,84.4862953797396
18.5504744803694,84.3522487391349
51.4504450042657,76.2411814023626
23.2302323488864,83.8548974852471
19.2498988394847,84.4849219119883
23.4291661324073,86.9102328335971
-84.4955103432469,14.9290832512513
59.3361985908369,75.6669979185286
59.3867664110431,75.4627267094822
-39.4889608308864,83.7210923642914
23.1559543005442,87.7312737330044
23.2784781259784,87.8880708303962
23.3656967735925,87.6000750712367
-3.14962466106522,22.7963801100476
10.4800561504564,22.7297068628387
-49.6617511963609,20.9200952742344
-49.649267203334,20.9240266501751
-0.594647092235508,23.3203295658031
-0.649937711579041,23.292112101851
-37.4783342000522,18.589542156408
-79.9514304868857,14.015340771095
-63.0398384533455,16.0074234428538
-59.7597973385685,16.2868657298193
-55.9514882943568,16.7004224856446
-55.3851404704283,16.4944664785091
10.7889217648248,18.9010502092917
23.4209089401234,86.1658058807284
29.309044712181,83.2022581170468
18.6579671261556,84.6071953864098
18.595565391223,84.455522537113
18.386465280216,84.7143308516047
22.1378448514281,87.1266830096822
47.8106138182477,68.9326920163152
42.4899746676643,70.3960127047732
43.0338016270018,70.0951777163667
59.1271707387527,80.9372504945764
16.9534213776537,78.5319941159398
53.290292452727,83.5383394049409
-87.8926460521779,67.0777571880458
-59.718468052229,80.6453794401936
-126.957892721292,35.8427041321587
-87.9552883806346,57.5660286581767
-127.184291665228,36.7471159005953
-89.3959191200325,57.4292495728562
-104.671060731758,50.4701239180951
-90.3533954932404,57.9023996637629
-107.155949220817,49.9810947681466
-105.480081055547,50.643576047336
18.6937671524202,16.11328752289
-96.1164665219938,52.9238682340265
-92.7807792722974,57.6492950131418
-68.2566456028124,65.9622942283085
-67.4645813541888,66.6511835251426
12.0900025527816,111.747109179078
14.0701715374341,26.2714504895969
5.57906744236965,112.531267457395
24.2655076527617,25.8449028669709
52.346010975974,96.0143855730112
23.8163999651376,82.4520255549754
26.5846952415103,82.1077596197255
26.5831878365315,82.110332057919
26.5333471176565,81.9408486394739
22.7638957826866,84.9077413042094
22.629788304006,84.9523625544749
22.8648404036993,84.8438845443578
45.918102489861,76.088884782541
-28.9388944391259,95.4812670964407
-20.7144293702767,104.634696295488
-18.4674382854828,105.32134216754
-18.176886366991,105.258897190728
-29.1486063703579,94.0648528690472
-28.7257771950431,93.9378740655678
-28.6709250887465,93.9488552582915
-16.2095994827144,94.3386210286401
68.1894890271095,5.34929486470992
66.6291269466705,5.7134325452845
65.8129220323972,5.48838112446981
61.6396091496413,5.63576058306912
69.192666544109,4.73920862325665
24.2661877943035,86.1421298175834
21.9299331232294,86.9160980922901
31.2821223898545,83.693915629037
20.6257089007216,86.0498558405392
20.6263635845846,86.0555836034314
-17.4001631436337,86.7480121621833
25.5667730602848,6.34271406331117
25.4269934472166,6.10084196467947
75.1486539298417,4.51591832325002
-4.11070723321005,15.0204672390757
-61.3918493868432,21.1096998854273
-62.3055913198505,19.3084151029146
-66.5497521899265,70.4874275879747
-76.5920561540914,67.520920409541
-76.4922400564094,67.7659080626228
-66.7102790989837,71.9527372006444
29.4971249001202,77.2374032465804
-97.4836263881846,8.55430527503866
-46.5829473634662,13.2804576994197
-47.0569279138281,12.5118957607774
-85.9127322754159,10.2149336494738
-48.5695806235441,11.4607621821178
-60.3064868697238,13.967191982919
81.9399027115437,21.9137399741846
82.1969954641417,22.2363473010759
-36.7874051964963,16.409928669755
51.2292605675641,25.6193534572292
51.8811462072219,25.4775315192884
52.7231555583207,27.2478291131822
25.63073394871,81.6229501711962
-66.2888688469869,72.6833356486462
-110.802469698721,49.2614026078543
18.4592022962219,84.8457401886268
18.5378282881974,84.9795848602144
-30.6000178928193,80.2611946228311
26.5787691956797,82.1049609958415
38.6245374965176,78.9604285997936
26.7879745658123,84.1360815549775
27.0028240821621,84.2191734910681
17.6489502675674,81.7216483316775
100.859170359314,46.8054306717067
25.9037328091777,80.637982021006
29.6694940725817,79.761424701724
45.5597756809833,70.3684336197845
45.2694251215427,70.4632167971503
45.7793194071594,70.1310470608594
-39.878312785604,86.2912850740596
-65.3435017777716,21.1557764303091
26.007003168577,98.2735089360141
-48.3798590175458,24.5089492723298
-2.28247057117888,28.0288968145373
9.74458004633051,101.337566718347
9.74748770789223,101.34156480289
65.1565463777966,16.8582435914447
-71.2231807208126,21.8479254482543
8.56728225106827,21.0875496099681
65.4696174370346,18.5594483571475
-116.359776788564,49.4551955466384
-91.3208439353593,92.1046880846295
53.7465760242189,23.2323563326973
23.4928153517202,26.2474081566197
-16.8323328880664,21.7552313168285
61.5657131954295,22.1735400742025
61.7922350035955,22.176752989484
-103.254494957646,83.4010700839506
9.78940571777339,81.2855062591301
17.4517411024534,81.1076666765338
24.7739851266603,80.06741435123
13.7221722783061,82.3674397540689
-73.2057416394686,65.9844098945137
-73.2581741868422,65.9839944462063
68.7993834801621,11.8500440386231
66.2372730944848,12.0821678575334
66.269698536008,12.0945577880735
-38.1434037637571,22.3838813346036
35.1555034437538,21.7184183456356
56.0152298762378,79.2999247719864
17.4955092740891,89.566462364204
54.7965460750197,78.5722166967066
-0.506394401057774,26.4304747365974
11.1984629544555,21.9842961835959
42.661703598487,65.370302822493
42.6819527311421,65.312053977511
17.7886885755777,90.6569072453076
-61.993580826335,80.6370197464868
19.4488504110432,92.0515691546403
44.9206193253869,70.0242133530629
17.2044993797887,91.4432383376845
17.2307868138275,91.5736521047124
17.524888575426,91.3595236507185
44.2696332417672,70.3905884836661
41.3382144315476,96.2800856194105
11.6086643052787,104.59477460934
-60.6056722649351,115.409792755311
62.1062511551866,22.4782046500867
61.2359532697042,22.101819385951
-54.0998879641812,67.0302123676266
-36.0038038808637,76.7382704690922
61.6310372407482,22.5864627100615
-67.8783289208,65.9680551101977
19.5340504938961,92.4197718891537
-67.6891681097605,66.6190067821517
-67.6575619439228,66.7636795617913
-67.5849110699159,66.8866564178259
-30.0404321556282,73.0016812135803
-67.9160645769436,65.9803827499634
41.3202051458533,87.1421270902086
-53.023471796601,68.6572875155103
15.7079737760701,79.2353109812761
15.7079880252207,79.2311568315486
17.1408444578451,78.9903663103385
17.1814891373831,79.1688728024729
-72.9981671381459,58.8091324875969
-62.9802840787777,112.40868493116
16.8988478838558,78.284686485936
74.1510809123363,79.2404406021392
-90.3444430370713,95.3217994784259
-50.7178594564971,119.906445836391
-49.3122112916195,120.805160333374
-53.6996030258023,119.294217252708
82.8433724406034,23.3173129330324
84.0116137158911,23.1157674233287
43.1311425347895,70.0144604260933
83.5332188557824,23.8199991298782
84.4007883124797,23.6660292457711
58.6222832055817,26.9756289390735
41.0134273092298,70.820027969271
42.1614326592685,70.5002320118814
62.8163240251118,57.2107316065996
-95.4223055431997,44.6037078053792
-78.4881338274824,52.2770023952898
-62.3974353230635,19.5124214835188
60.9915876648622,22.8861044929667
62.1089651024911,22.6717090084801
16.5815977645761,76.8011321491657
31.9316552085304,74.2171658975553
46.3253793288869,70.3553579691356
15.566038388563,70.4141313649116
15.5338367359253,70.4704578178057
51.026216392953,24.7851498644092
51.0184778679625,24.7828802620897
51.7074798553031,24.7889079979939
27.0397497421154,80.8187717434664
62.6710997375095,23.5049463070091
32.9228619599413,26.5045232648365
-46.2397677934443,13.1123975468343
-62.8435314263608,14.857180724215
-49.0580951477719,15.5550406808372
12.6531346880657,105.416055949921
12.6696128104355,105.343979305983
-0.204609144965694,96.480676854921
-14.503334859998,104.11423006015
-16.4767998553744,104.843862331513
-86.9981881518432,55.4116950765166
-86.7320555332971,53.244624073681
64.0380911698744,10.4069561141275
67.1513113785338,10.4412831428096
80.2389842426088,16.7150712945377
58.8984852456444,10.7571285842627
15.6124819397348,80.9559882191653
58.9331891760526,10.769979292409
66.1773524448577,17.1585771417641
67.1728056664992,10.4840446074609
65.9412038427735,18.0073884084671
79.4319375466644,16.5296971224566
-89.0195095807197,57.4131032872353
-67.9199825236182,66.9440884255896
-20.8501361721212,12.9167329023421
-95.1817060607164,54.9914012774422
16.626944820571,82.4828571450947
-90.0264741577449,57.8225658997007
-89.8146661111593,57.8846431360332
-89.2612765662262,58.2005748770826
61.8237092462618,84.8303624049205
-64.1466516944965,112.809578978659
16.0093412667214,78.639544382357
-64.1712987232163,112.184404337845
-66.7086226254158,109.82910981933
-54.9024580011875,69.0861175645081
19.0422395613876,55.9678773559804
19.0606794637386,55.9736278256805
52.8382806766318,23.401662253711
-64.8290838950137,110.743303045311
-50.9780749805676,119.478958920575
-67.8160166152955,110.969906380366
50.8038661236193,25.4613399769207
-67.8244889589092,110.969687685177
56.3461541253105,20.87314230147
56.704991210196,20.7524792848524
66.6591178333863,19.6794882328651
66.6773646119059,19.8732710143725
80.5289032573618,18.5712876770078
45.1567280097733,71.3914471443452
46.3106161530069,71.0756728606947
60.5093142913109,66.2600436595661
-59.1513286616906,66.9466403531431
45.4226133386312,71.3415541889934
-64.1125213827985,65.9654242578584
-72.8659761298221,59.2149574223681
-98.9699364727308,48.9057168933752
-98.379493876515,49.1316407693616
39.8022052898,48.5462217098856
17.5759447813286,81.7153872921455
50.9821342785862,73.43643026856
-30.16786980861,81.3602194223048
29.308811864347,81.3273020412801
29.3928041637113,81.3265434417299
17.6298581186884,81.9834538859926
51.0533694556784,73.6568318410097
-74.7543900758717,22.1166230874325
65.5068266280329,18.5160913897904
-64.1041651706828,24.2959788459327
79.2143156040012,21.5765539549839
68.0175536692931,25.2905803691996
34.2395638140419,28.3030382442478
25.2663334880763,81.2002080370264
25.4631488437821,80.9558257811713
26.0585058535583,80.7308660621339
-43.3588560539952,15.86241408871
-21.8011667739618,16.6157766293489
-21.7301369473458,16.8124184685764
69.8563493397501,15.4272418674612
69.8622861186308,15.5069431516134
62.7187664918255,14.3071251513565
64.1234032933129,14.3552688491289
52.1060253430362,17.881146897787
-63.4483475327951,113.650629164292
25.9435283508729,78.6223302492859
-67.6894273691777,110.853026498352
-64.9071829943756,112.577030205172
-63.1064431692858,113.907075539367
-62.8113893234701,113.949078918214
-62.6878465603951,114.043628046824
-27.2526185051926,60.7907417539976
-68.6144987134867,110.75991156546
-68.1770286040243,109.99081848948
-27.7403792193825,60.475237951961
-27.4721086034962,60.6217219622945
65.2198061750142,13.8185438157406
9.30130671611284,100.60430702461
67.4724150525221,11.7656058868725
74.3279867548455,12.2345268269553
49.4005531377017,80.9638111458939
-24.409588058636,68.3018700276513
62.2213888199669,12.937189789166
25.9753468386357,78.7297927474195
10.8332924355961,81.7596027023384
15.5268568483878,70.8446191677588
-24.6300697543464,80.9266352775553
-27.4115868322312,72.4239401925739
-28.1688154505251,70.8197663311549
-28.1430373812316,70.7859907975023
-0.547722491883615,83.0144251074813
15.8358843536019,70.7240693910513
21.3333683716213,21.0494549982965
8.18435554008597,19.8641385636757
9.33610258346832,19.8530414054406
20.1268670426081,19.6413629140595
-37.7647731480097,19.4073346018302
7.95734913367474,17.5387567782166
18.5410312989757,17.3685162426347
1.63629076856498,20.1961349203501
70.0113026469734,15.5881668586083
70.2078676249593,15.7007467339687
81.1879580764167,14.6187639821201
-91.1280311094835,48.5598178327309
16.5677419892088,55.5489421024804
-114.694261586959,37.9685391599773
-114.690101743705,37.9663538552116
-78.5227543241865,54.8765835383109
-78.4169384489889,55.030446045492
-78.3670840569368,55.1059977134348
0.269903211164206,56.147901929604
1.03769695115914,56.1114793468736
-78.4438722582037,54.8977960304453
97.5208054310685,45.7158520023831
39.3323918089361,70.3724906675147
41.6183389401213,69.830016338984
-3.2872474912831,25.3466182417029
-0.534276726333335,25.4712065163647
-0.478921217241224,25.3875760485181
-73.2335224122322,58.0864371852798
-52.9652348425149,65.2605485250565
15.5823465696919,70.3074627618846
12.9930808931836,72.1986671274302
42.1583860521742,67.8458034566483
-68.3325557938043,67.4897607668336
-78.5237986570834,55.233880298853
-69.9946102363039,58.4585169405771
-58.1059654564309,61.2422948469004
-94.1422409790267,47.5476444363202
-78.4135363932524,55.4535759405662
-49.9822217857052,59.1363357861472
-63.5676339034448,66.7478767607601
-60.4720269575055,64.8262870389712
-68.5510800082297,65.7867439743261
-63.6185135367092,66.7427465124204
33.5354197778197,63.7127218624754
60.0228575975514,56.9998497947522
-21.8033308645886,64.9424875599589
63.4632256493848,20.2396759697208
66.6733555956881,19.8424041875227
75.6770152463003,18.7005243078169
110.998723832845,13.0818907974073
53.8022370037347,21.9797969021528
64.4078909667637,18.9454641216938
67.5325562434906,18.9561488160568
80.5686692074407,18.5074208598836
80.6424612942293,18.4802034857177
69.972193535362,17.4442374547436
59.0453997516912,63.40988491011
43.9844285637468,68.8279111961221
40.8096191252041,67.8084810529247
70.0111818620697,17.524408716877
80.5812480225517,16.8243910683793
43.0700118465624,70.075069131976
83.525466518549,23.7022655071811
93.4153452966428,59.0040143139046
40.2570236086776,71.1043951687551
-103.845622434286,83.1899155158869
47.0849837262316,61.8184800005635
47.0507775826812,61.927559701874
-89.5519458148698,48.1121705460991
75.7994325294023,19.0805175092189
-37.8594041207643,23.9236370211292
-27.4353879351454,61.0387720409101
-50.3463996216949,21.7567492414486
-67.5407381339813,56.6034550090874
-91.4460261626838,48.0845340470053
39.7539287401253,64.4065128493129
56.9904719415129,15.7561286954214
-25.2459304765038,69.1385531725255
30.2662887983447,76.5809902735765
-27.579784500179,70.4811656660537
-52.422483133395,119.554526412692
-65.4619521348018,112.065102847315
-57.3708053326321,117.273529903173
35.8733157461252,60.9604588682433
-51.4729673130908,120.015129913731
-50.8227404432257,120.52638083225
-50.6717704510599,120.506403939501
-50.6661095568215,120.722826036011
95.4790412665137,64.402653162569
22.4181866180739,26.7403233865449
14.3969717423794,27.5956269571089
-45.0685243312166,121.186411756653
75.7124706273684,73.72389679046
61.4746700812873,22.7599172315569
13.2409504719268,88.7737788952385
13.241685902856,88.779548542191
-27.4732801392414,85.4515854925011
25.5114976052818,6.27290302152996
53.2078961750992,78.4784135985075
24.2753790987439,28.5750218409007
15.8714183516376,27.1296815520431
45.3163263260222,25.2120038720735
46.1214937015796,25.1343771587614
-63.809551780696,113.595766280861
-67.7461003088895,111.638130305407
-63.1430674085409,114.081467824578
-62.7870782663374,114.315152605157
-62.7575173072072,114.269099257299
-65.8725817263045,112.870894948666
98.4207887671148,41.689525504959
-45.1359997585084,123.040689989531
-62.4243205022184,114.585159533
50.4024884434193,26.352184035435
50.4940150420257,26.3784919117427
98.2295237362976,41.5041851068036
99.8233473406341,41.1389466499856
-46.4497725531529,122.109647723792
81.724334839675,20.174206144116
51.1077022666639,25.5016515809242
51.1481911708256,25.4984699218187
51.1404297547689,25.498308836821
51.2775044859322,25.270079827655
51.1936262240604,25.2076415569978
-64.3362855465296,113.446076708487
70.4891875023245,22.6875863811785
-62.8808498935113,114.359547708949
-66.8507783416965,112.230840720924
-62.2662049621263,114.679029712365
-61.9163484756122,114.818790899637
97.7556372200481,41.2111710450442
48.9643454197993,27.4611378474874
49.0110963458933,27.4602095939628
81.5187417582086,21.4543964264652
47.4317196310516,74.5035285313203
47.7510422911892,74.2332691225974
26.0577035088887,80.727582418479
34.6305143878658,29.6866832339103
49.2565055790426,75.3996979637751
95.5024524849524,68.5614944538415
38.1512712966421,29.1472859327691
48.2092840769965,28.1663614179976
-92.0446931693481,91.2478298820667
49.5331781858798,27.2634402005163
24.1079461745066,83.0397684346673
-56.4392737704227,70.7701882906007
-56.0236996489731,71.0988593744724
-55.9241916595285,71.0888971840706
60.6772425283058,86.2571848408969
62.8743685138627,85.1696466665145
43.8268617821138,55.4661927881992
17.0970143993963,55.8987401848054
42.305222569789,94.2152370579712
46.1934405336196,92.764382034513
60.5815467216802,86.2201021332185
61.9870766936462,85.6230210689533
64.0264141264037,84.7182424816425
-59.9134989118503,66.1840686410329
-79.2244357089929,58.0693308801335
-68.6172759730071,62.609378514416
-101.087513097013,48.6419115908779
-86.3652953086832,56.3592065626084
-98.3325120410166,48.5698012789011
19.3964839843478,57.2522192977595
38.7802991966239,54.5730843236557
7.73938624050986,59.856880687082
45.5954568463016,70.8361471557481
65.3725863750824,18.5506426707509
-40.4111597618294,29.0556231571099
-30.8375514389645,29.7646832369486
-92.3895034704618,50.8924015235254
34.9037375609765,56.7528157445278
11.2123472762477,103.492992775913
15.9202183876093,56.7834332670976
16.6158451084739,56.6886779340041
18.0575918580549,56.6583422464521
19.3605780348683,56.3532828701609
-17.9497141064684,60.2201632994682
15.5574904636628,66.8688849483106
16.297449100912,66.6578108737241
-50.1045677494959,117.277908846378
-84.5056982846168,39.3007968980821
-84.4985051344685,39.297288362907
-84.3016268965304,39.2742327956435
-84.2088849121042,39.3539482215486
-84.3001131986794,39.4879616451131
-83.966117789589,39.5766390833949
-83.5595837212195,39.7147172608859
-86.6344440880004,39.2294726769722
18.2347601568216,55.3254656792005
16.8939237718848,74.0081342591657
-30.3302997079023,72.6015972187089
-0.0679811536388749,56.3341777776558
-64.8919656981242,90.1120723303564
-55.6144579997137,96.7433498563605
-85.4999308704052,40.3346390601281
-87.8938067003056,39.4080513093021
-27.3133743221088,56.2745566022238
-56.3039688759291,94.7427097749922
51.5912503417685,71.2041019781951
-64.5388823178119,113.635763577935
-64.3452387803047,113.65302185006
-63.1530475796911,114.379724394155
-49.2777347758144,121.184315220212
-66.2669781435155,111.728105659341
-27.3687369042529,60.5824321254314
-27.2331168114144,60.8528779143007
-64.3800782973408,113.501920827994
-63.8170308230524,113.887977525582
-27.3714953509406,59.7370888040136
-27.2181883171866,59.6549842415046
-49.4028007205429,121.139014667746
-63.1989833119966,113.293820502077
-54.1100181385916,65.8940316614123
-30.8746026778682,64.836041495415
-77.5600833269125,57.1342855492576
-23.1817585531052,65.2674909060876
-26.6709146725233,66.9721083128604
-89.778504960035,51.1252732709627
18.8129410379007,55.3736807034098
-80.5713747175187,53.8656967433655
-80.3150300391843,54.2080245800049
40.1043238094479,43.8481458888128
-88.0265027088886,39.1928483017023
-25.7684390331403,62.5701887796726
98.1806327492841,39.2686843930037
-63.7513956001501,113.995334529219
-63.5322042157224,114.060815708228
-63.2120217306807,114.278886852349
-62.961567792397,114.482892521159
-60.7913208983505,115.944821662698
-54.1167323764081,118.097999530581
-24.5300578389489,63.3161925026975
-30.5968161124442,63.2656532464907
-63.198248399302,113.295318582751
-98.0209009050481,36.9471536821728
-81.3933520601866,43.1118820137931
46.5306594043903,62.6064353356199
9.44233496355494,19.2221545494266
-71.2129102073952,53.9513919032181
-71.0448271850562,54.0782436230858
53.6740987027917,60.6086577042668
54.0178456424297,60.5419922024718
22.7771895744825,27.7913921723673
22.8141674947438,27.9063748005728
-18.9727907438282,28.5989968377997
15.0341305900947,27.1085051790281
17.5738928179741,27.0849704353692
34.5993791878236,58.7408632537623
34.9293315987971,58.621287163804
-78.8273777167223,54.3353909286935
-60.4588281304227,65.5928266971402
-60.3550058318283,65.4546377308194
-75.2687931454147,56.5030956044183
-58.6307865801449,62.8909031862657
61.4596666385924,55.1813058812558
-57.0087903984675,64.5113656528324
51.658798280636,60.4592117888837
9.84899008206452,18.462271939089
9.94398870491879,18.5456494397612
10.8200889419314,18.5143814985216
-70.6859165340442,55.1323990641411
-23.6027209558469,67.270972377789
19.848565481781,19.1317760045478
39.1993008965798,44.2872347089293
39.2104427907988,44.4972262491924
-68.5167872715558,63.6488368073528
43.8869734388404,68.8993563045127
39.7580617562751,70.7717675902717
41.2185122690253,70.3606800684329
41.4524841991414,70.2002135665635
43.3614058604997,69.8320371860655
41.4689287928325,67.7764410802148
42.0489752326713,67.6766763468451
54.118667181708,60.9770325634436
-48.8682996884077,120.520668069969
14.6905861132563,69.0549173123022
82.4185278706505,22.9465767619153
-3.27315395315456,57.6627433848663
-28.2974735593565,70.9963303519515
-28.1474861834057,71.1976009877054
20.5625681333922,78.4390883484361
-28.1787686265911,68.8616382376019
-28.2246336045418,70.9069487477109
-28.2060460056013,70.9357482942139
13.9405714233524,78.9598116530764
17.0508569937784,78.6562130618212
-57.2715867521493,69.6649081969272
-98.0535229895935,50.5929421598209
-58.656993550281,68.4243031360309
-34.699376343292,75.3997350633266
-63.1153717008356,65.8091950855777
-51.3351529086031,70.0101118174587
101.75344783787,84.7912062989989
-71.7876404553716,53.0552467462627
64.9564652066352,54.5090036527161
44.9494377523151,61.3631547146795
61.1557816105744,56.9946372685489
46.6368422558443,61.880022215087
46.6771288374868,61.8726040695644
66.6060465785279,19.9270110873284
14.0303104323076,62.6328504515932
-16.885291834119,62.4622317319679
45.9991808907972,63.1706421774825
-30.5489979308553,62.2402411143519
42.8837230506116,39.7668231103633
44.349934080634,39.7133122036117
44.5914895234925,39.4970405838247
44.5939661389093,39.4976854140314
44.6236969629913,39.5107511427073
47.2812688558162,39.0409480705877
47.3272728797963,39.0804464649718
37.8668590317097,41.3543234882007
-15.2731037616013,43.4025307046233
-76.647053103678,33.7081711027251
-16.1075997726614,43.591242083327
35.6175827375039,60.2148215130939
-5.60678131995667,65.7396718790589
-61.5712093396397,114.617046362212
-61.4179844525335,114.668415632645
-90.0647846578079,41.1993980749473
-4.93362395651891,65.1277455037728
-83.7346698039487,44.286033169755
-83.6029005254652,44.2190957353065
-5.66124207852849,64.050497533163
-4.85538638532239,64.1323046521748
-61.311246413924,87.6814219361931
-73.5206234966585,82.6628512076707
-116.481009933109,56.5159031853163
-117.123700198441,55.3742558445013
-117.676931983583,54.9597504970675
-70.1828563083978,83.5726649217967
-58.0557177990787,90.7289274163551
-117.55981152548,54.9756457528478
-118.202669918137,54.724147971649
-60.6479878508741,89.9903055628643
-73.7517092757542,83.0798397739749
-73.9890041657943,82.8850013023757
-118.709207357194,54.2949469663535
-78.3939039173958,48.6584259111088
-78.194375000641,48.4278310015802
-37.8634268283189,86.261504683653
-38.0246137372948,86.0727926186468
33.4631631046441,28.6201548963427
-78.0021694520494,48.2408191431343
-91.4704722800758,44.3832551131986
-33.4075535125108,32.7262376252567
-20.8938893915191,34.13571913868
-35.7299648269805,33.88269882483
-82.255035938728,46.5805784668558
-77.3191497695295,48.4464416425574
-98.600525020733,49.1172443589923
39.2773049507499,48.5858015977877
37.0831192910041,49.7905568247907
40.5173096298076,49.1006994492791
39.2839921664024,67.6702821450222
40.720775579411,67.1792173042498
-95.0671406111645,49.2984999043626
43.5228132988964,40.7936265737267
-79.9607731526603,55.2341921743111
-89.780919670714,52.3067323326594
32.8277473907939,54.6446155924211
33.7156942348146,54.4855835411809
-28.8579368216661,61.8732759400891
-25.894734996714,62.5327968044857
-25.7056042608077,62.7019285811458
-18.9852710146602,63.2241873405325
-76.5357337814505,37.0771053911503
-85.2956206262488,34.8323083768373
-85.9659784516201,34.5675827034896
-85.9365631844816,34.5439119150695
-88.3197314564815,33.8254200782156
40.7939006741869,47.7907539932375
40.0392986890257,48.1263635952376
39.9923444800758,48.1491572694727
-39.5513497556198,84.6517188483755
-31.2345014840225,72.9417844582874
-30.7222423807265,73.089258450152
-92.9390136115008,51.4075518166797
-84.1008270738114,55.4637607871029
-31.4913064662776,71.3503341547336
-93.0426501159323,50.7053557813454
-90.2378849309131,51.9748815113291
-39.6111323167771,29.85135512289
-51.2229690127232,24.4366748556244
-50.8815129723477,67.1845375603347
-30.1236028942957,72.4877711474519
16.0746512440657,71.2686699042907
41.9438033933642,68.1458036071028
15.9187496424447,71.0893997339678
20.6018292143533,71.4656464238274
42.0010158645226,67.2658977787766
44.4599818490858,67.3899947981194
-18.8311212248485,67.2923028747336
-108.949553338223,81.2482061308243
-108.945498959931,81.2437049865602
-81.9392779269801,39.3232914816939
-88.6007269982741,36.8152706003493
-88.4859019175879,36.972185231944
-87.9891854928395,38.1760003029764
-87.9849598216905,38.2536338793133
-83.4335859153022,38.6335067562026
-83.1303200669406,38.6496979260061
-86.1155670169563,45.0052796059959
-78.2249576181272,47.6013432330837
-106.864379510458,35.691805628152
36.5341301947224,37.1747546657387
-77.8137407295142,48.5712784371536
-78.3013055887991,48.3836306704333
-96.3885292800843,36.4110418875075
-22.7527489939549,58.5744664121156
-84.2418767956764,43.6790533882634
-19.471934503828,59.5581376663032
-25.5781093433959,68.5875087299459
-24.5211463507449,67.965168498788
-70.4340997516878,55.8912321532658
-79.1499266671129,52.435085486279
-70.4792477160103,55.9177237037273
-26.9552683260507,37.0769547379504
-79.8200601983743,54.5024683078849
-79.8230458622065,54.5010689959429
40.3821697844357,43.8650598920026
-68.8126423704923,58.7163155276348
-5.12563211861128,56.2129517969137
-81.1408605259195,50.1359875918362
-95.4260606182984,44.5548269893244
35.0845186071738,48.9828837448047
-29.4795943317792,56.1134761537595
-56.0509178884285,97.1584379726478
-59.6703798484066,94.0210311415686
-55.8794541739886,95.1509549652829
-55.8835850826671,95.1502201706247
-55.8839319386577,95.1476809690802
-20.2880739370573,58.7066626047416
-108.371810424757,34.7099393691099
42.0579497404904,44.1883967976533
39.0717538918178,45.3059899618711
-25.5274022450953,47.9869774428611
39.243619456796,44.4825972803238
39.5368083397651,44.2576955636506
41.7868245491572,44.1617622021451
41.7899311257518,44.1561859356245
-25.517940927725,47.2079552758684
38.7522748309535,45.2245081306287
38.6790279158448,45.2258051638918
39.0363232944231,45.4843148387591
38.1507372260637,43.9969098940463
40.8733831127658,43.372465067295
41.2921484720234,43.3568418618199
-38.7645641224598,34.3223448245216
-28.713313394291,35.3561181210154
-93.7002588764498,43.0950385232814
-93.2688273525638,43.2093324371385
16.7048834554484,78.2121148218198
-77.3968075482963,50.2654370058288
-86.4413377211686,44.5328705649044
36.4056146482127,47.7331422918744
35.5955320920388,50.8948920368108
43.1238989770381,50.5200143047147
11.9759456467416,60.2188447359158
42.9043945658036,48.0290909830619
38.2115463177025,49.4436836263984
-7.51440061601058,57.6035614626337
-94.7802889396673,37.990796184886
-82.4925773403352,42.1873057959434
-81.1966840122171,42.6134534218722
15.359104773806,56.3838723131547
-76.774619498287,68.9675286716535
-76.0345675588724,68.0733604384205
-71.1649133379667,68.0980439740056
37.936103048798,46.6619137627131
51.0556141838085,28.9878591203392
43.6928780190465,38.1353854905348
43.5939553205087,38.0835863006165
84.2349167129088,23.9610691744245
84.2271583281474,23.8440425413307
70.7752693709801,26.7996197252061
70.0370424313783,26.5979358765301
51.6060176966166,29.5521445144235
50.7058746183158,31.4181393621591
45.8209283056758,31.2912711122059
94.4925839731507,24.611225794362
-58.1886749520629,39.5611922380499
-55.5400676620606,69.1850552837742
-38.2496987278284,74.5776039626168
43.5666644511054,41.3448839857718
51.9909321892271,40.0735479859177
-20.3466128916549,43.9914980852098
103.787435749882,82.8298986444651
-30.9121534880615,62.2881325763523
97.6493861829525,42.292113734889
97.7322587819568,42.3200561876308
98.6168206421265,41.9306533928624
-5.6550867872528,64.0368624087279
-25.7007531395459,62.7238849859572
-5.71112490435161,64.5020305468159
-5.72483954720943,64.498809258644
-5.28271457414986,64.7173583045989
-37.6468869287231,36.3519587340069
-34.5385988729652,36.7610817443938
43.9693257676475,58.5646986806209
46.0351649770824,58.200668684828
43.0606608799192,57.9679015691068
-28.2468400373062,61.5416725602178
-14.3338711782514,61.672322513344
-0.0897640744147257,59.5200309168819
-27.2453793864047,57.7324414024325
-27.6234772345196,59.5601409048238
-0.0796972340188029,59.5437610802714
-0.0057139340147074,59.5318185934606
-83.8551510370027,44.2691552072499
-25.807586022835,47.6492703239874
-60.2346359687608,32.2368953056798
-9.43816990339919,54.7380995403559
16.8400897850952,54.2663601540124
-6.20669956029271,54.7151612131655
-4.536840166115,54.745702360073
0.0752275797698677,55.1471283508245
-9.04870801562092,54.8614637455132
1.16932916449821,55.6613769797733
1.23446332248465,55.597082084415
37.1156068173017,47.9627762210542
38.4233966777806,46.849494644354
-18.2935132869097,36.9660410207036
35.0621169710433,48.4083893855535
-23.8300340413789,67.7622289714758
13.8086770974258,69.2123823780988
36.0742069815567,47.9888059879862
48.0923892530555,41.2017917019303
41.4920741720821,42.2384869018432
41.3526080429087,42.1900672418414
41.2593648089886,42.1276610117059
41.8279573605883,41.8603266045676
38.9326659168354,43.2445929528919
38.955364732922,43.3131516691148
39.0826372579559,43.3720244610993
39.1146738219689,43.1760191576229
39.2719111839231,43.2894863318973
-88.44615172834,52.8056501602092
-85.6861211012194,32.9475197630126
-8.50288400696878,44.3491966660529
-76.4209237710628,34.1606099964416
46.2147215027713,40.4089561875514
-88.145843727859,31.9465926485628
-77.4728731928792,34.8952901206285
-77.4320500365322,34.9659776295096
-28.9374209307424,62.0727323254182
-34.7981511288399,30.473967031789
-5.99677400050738,57.2730554608281
-7.01024910776654,43.6778608690646
44.4859391209716,39.5534627268939
45.1321497824983,40.1067127887928
85.5335541825498,25.9523149316761
-69.672031144239,36.4572086517531
-7.58436668114873,43.9045413837369
34.3449719685166,34.5721924600243
-14.7895486216454,42.7881539353343
-60.6676634638161,41.0863031315324
-85.9529482327511,34.3748799267907
-86.4374136714504,34.2505814678642
-86.3040405312965,35.8198012377852
-91.2659390471297,34.2396024909171
-55.8505979619101,67.1179144524246
-98.6823682497473,48.8077029764719
-13.9593627870235,41.8621652089263
-30.8445991332689,72.0870374986478
-88.0586223712809,29.4121617691006
-6.08664181735567,54.3452509384596
-5.68981737987404,54.6352192290056
-4.60783358282162,54.4111456637375
14.4425733501152,52.3950550505995
-8.83146056861675,54.4616068775473
-7.72864142461813,54.3987168629855
-4.71757781779183,54.4049937855179
-3.12837623230739,54.3424553539151
-28.1571533683389,53.7303768351723
-26.9410872949251,53.6125336785985
-2.9916599490574,53.8607601695872
-12.4506205062561,54.0888239955493
-3.08374842795216,39.0930260561842
-16.0418515606456,38.739116257234
-83.6536746036886,38.7486100952111
-88.4301358440452,37.0118875562095
-88.2622664581612,38.1834016635011
-84.2204579389721,39.0322626577213
-83.6090695394472,39.1455355299577
-4.29107060711148,39.2852941484975
-89.8850771306059,30.0608663690651
-55.4683836658504,34.4476306766384
-75.9607007696669,33.4415539209015
-12.8732879292264,43.2616335102601
-76.8325271398445,33.5669094033076
-76.11100413443,33.5551769054487
-51.1881707372404,38.7223338084263
-13.0198756370459,43.2444542609639
-13.0752547980887,43.2151931858437
-63.6025692647465,27.3996572041012
45.0543015171591,40.0040791737731
45.1812198548307,40.0329651943892
-28.4088084583588,70.848857673866
-28.2039746373686,70.8132615954145
38.6590233447905,43.520307838898
-13.6207395785679,41.6427736972574
-13.2781627589597,41.5652947154575
47.2248184468353,36.8793718015376
47.2896276931706,36.8400825137165
-108.115677860334,34.4235914418267
-35.6032978320097,39.0427043774741
-41.6999848418022,37.6811269540169
42.7452112275709,58.9749034017682
52.336805092248,32.8545758174821
-6.66068030193926,55.6530655037183
-6.01927073966938,55.5150796829332
-5.57416167069858,55.6620624586958
-5.01529041293657,55.5584744322226
-6.58127002459413,54.8382999189348
-0.153839217882466,55.8756243797923
-0.275303722201288,55.9572701588941
-0.150733399434913,55.6709596645093
17.2667687096663,54.3361389199681
0.148813369034739,55.6573432075018
-5.77136609581291,54.9542497630375
0.152635142856852,55.7147496259871
-4.62737691093486,54.7600195123096
0.155642923814183,55.9169678493871
-1.44627718956971,54.9978091857061
-0.691906918393791,55.0973466156927
0.514324690726183,55.057776355634
0.869248774686613,55.7494801985699
1.30868330462318,55.714132620444
1.17135011077362,55.6620514386388
16.6119532947022,55.1570017336847
18.1612849692138,54.1276219103994
35.7953970259935,51.1895121640382
-26.5524153273138,53.2025852620165
-6.85216175416602,55.5996659740557
-9.24970602161821,54.8437566707798
17.1708045446854,55.2499269529617
-5.84787066973084,54.8059925627765
-5.44345254595969,54.8045168163463
15.8503512349816,55.0633235033206
0.0343888300035456,54.8557931222051
17.7240028743607,54.4002274539733
17.4016273815448,55.0086877467952
18.364366017455,54.8498008779437
99.1461384904211,40.8512744530351
79.5942984530393,30.1976880835743
44.5418790841106,36.7183059811204
40.4148810545394,48.9803617792569
-61.2341874944049,31.4491372335664
-60.2655182587496,31.7246861912402
13.5215384174741,53.6687893639021
-27.7915635398016,51.7132146881594
-84.6672364304744,42.5742758640958
39.3008665818956,44.4380121099603
41.7875004041565,43.1166971708573
-24.9602045883152,46.3716463815439
-25.9548299124388,47.2164835254656
36.5460311732218,45.6448588535922
38.8662166377013,45.1707917645216
40.1613042536503,43.7068463251066
41.3977961799138,43.3055104164585
36.5615692222952,50.1290355241358
40.7136642480145,38.6975448763881
46.2929872669313,37.8870337787555
46.3310096117103,37.9641149404175
-60.1170370856388,31.9414060449847
39.2003263736955,38.841859974781
-68.4912571283026,33.5419339734711
-65.8163021858499,31.3316011679419
-57.6697064440443,33.2005779999771
49.6684711706563,109.089090693196
28.0731607562723,31.5323037021069
30.9513081473483,34.8199063026649
30.9737504611755,32.9516403427442
14.7024664741077,53.6997829606253
-3.34549002532446,53.9832478488187
-85.9135574465036,35.535959746005
-89.9181142897345,35.1304459415634
-74.9396329782836,38.6137873445384
45.8760967568497,58.5764317471304
-6.26448020861877,63.2879388019742
-90.5569035286434,49.3001572072132
21.0767873300985,61.5284325695366
38.8140474950118,35.7948502011
39.1433498706135,35.7373257778044
44.4099814152843,59.087875948037
46.0086238065198,58.5264390426145
46.4931029336887,58.3874315919494
77.0017823432152,29.3671853474945
-13.4702230112098,61.4627971293377
40.5739322431872,34.705939068791
40.5958692719854,34.8829538138428
94.2212244126093,25.7840846427437
36.290697775562,37.7978244952646
31.1594891243278,33.2963485117071
31.3337579374693,33.1438789044419
-77.8275118236482,49.2376636205757
-93.2664415788365,43.2032672095099
-78.289378411264,49.0957544437846
-113.47128545735,35.5840046652411
31.2805948717201,33.0872537138802
61.4053789968932,30.7061999492641
85.0112901705525,25.4212425777273
52.1584281420854,31.2268562315645
57.1889316664065,29.4909021160429
91.1491918302305,26.9617546872438
78.63507649077,29.9454355657279
7.45228732358766,41.1756626760503
-77.3500782893843,35.1888208112904
-75.0784748603401,35.7028871190817
-34.4629422957684,43.5780698797226
-12.010383282749,45.2666780064593
-11.8379723888079,45.3473307646905
-11.5860504840558,45.2690161409842
-0.0462563978865839,59.352740293704
-91.1338788015495,41.7726283826721
0.150247424814838,59.2563959154442
9.04667957638048,59.0646288043368
-20.2438668437481,34.5961536132217
-31.6450983814383,-0.500903386918375
-77.3509087835489,33.197309337325
-76.6111587741494,33.2931610288348
37.6842461825041,40.8068680742734
-72.3126682431494,32.3061484619749
-57.336161902841,35.2240691304682
-54.2560678025194,35.5140322835499
45.5838427809356,63.4382132413265
42.3921936334281,46.5836531608168
10.3880026091684,38.1706937337239
-80.9571394374825,85.500577960166
36.1876747768286,10.0049851090027
38.9261865315106,35.191072040312
34.5517687442982,34.9939106504944
-36.9601162776767,38.8150472543649
-42.3510300026499,37.3042502384756
-28.7503986353503,61.9590186705083
-27.3019950496502,61.3807427453447
-27.2656393755055,59.0486991353889
11.6702629064561,60.0222960769572
-89.8272720585106,28.7521970042564
-90.1560799963326,30.5193122331335
34.3625188795483,34.2575094757603
-87.3153323918606,32.8733275426417
-87.2152529577651,32.8294229882575
-117.086942997607,24.7235078222871
12.0963193119732,60.751637199197
12.2209652355903,60.6425202022486
12.2255272535305,60.637823520602
-85.7974650879031,33.4865922666004
37.6462968815697,43.4236990773121
37.6318120093109,43.3879314428479
-20.8655657583223,44.1963392194489
-87.388520652195,33.0657646222355
-87.2856874486632,32.979451672494
43.2009527328243,42.534833334734
43.2294397532529,42.7535284650751
47.612461065263,41.8452156748763
-84.6061646095915,33.8597161232818
35.2138629995073,7.11374855372234
37.7365806252741,43.4837175042314
43.1586693293026,42.7656342330515
47.2644250022407,36.9880997238026
44.0032241888608,38.3616976372502
-37.2372615418052,38.485383130014
-34.7240877125554,39.3753398582403
-33.9622624735715,36.0129785240226
-33.7880350656784,36.1490959157039
-33.7869188217551,36.141394915514
-54.4630946256941,35.2638424968452
38.4705044797064,49.1001202688073
-58.1131716295682,32.7846986553586
38.4803386626919,49.0366436617068
36.6196497585666,40.650826439049
39.2978254225958,40.127957203797
-76.8146715707365,33.7980914936342
-76.1792053232841,33.7987509911054
-78.6965681126879,34.2896998663664
-72.640360257656,35.5331267481708
47.4302672531253,33.1532277365081
-95.1012212424855,0.576056938632821
84.5727882852077,24.271050045448
-46.1093380378715,38.3784542026498
-42.6522267012712,38.9060655135556
-13.3714926844713,41.947321719371
43.206492573115,38.8956644425187
43.7538870589721,38.8355510705527
43.7905399000986,38.7886184515592
44.7696500692066,38.8804667445846
54.7022943383967,36.8527815215613
-63.2238042605711,28.1562785167929
-63.2759028588691,28.4777301102986
-87.3026259511156,30.486270298012
13.897241003327,53.1754437831013
14.8749107926149,53.3677590145909
-28.4099196018585,53.4067012490494
16.3297028532198,52.9193104992203
10.9221135743957,54.0755139824059
17.1397661307512,53.1514685312899
16.2557556422337,53.9099924313405
16.4306526288464,53.7852072466913
-2.09849065074638,54.6713699771259
17.0050104424323,53.9112780131564
-8.79312135452866,55.2277897172497
-6.90697707750966,55.3937607964431
-4.97227184854011,55.3780515090277
-17.6730821964004,1.02360336232961
-84.8476902254181,39.7219956752225
-56.8330273412348,47.6481461801248
-87.9448720460911,37.7410686523183
-52.0215870112993,37.2546808061155
-77.7659501740522,32.4688002686101
-77.764657032674,32.4664338780314
39.5659775005139,43.3885467620477
41.3711590986506,43.1237723612236
41.4649475194423,43.1091189403778
42.4575578964015,42.9130628505174
-57.8243957172989,33.2788843684449
-92.4533779683242,26.8980471883786
-60.0685682662426,32.2051716203725
38.2838407863279,45.1420294548306
-57.6574341854318,33.341463801719
-57.429251602694,33.524954614676
-25.3848685541277,47.5902180148814
-61.0772722105749,32.0873834072148
-93.7148214566379,26.492538207663
-16.1852081020041,38.7789677836599
-16.1329906318578,38.7540127860288
-9.06981457040731,55.6240110056463
-5.62117286922376,55.5457618159798
-4.50601218063158,55.9182258026257
-1.75736689570788,55.6449058181644
34.9634785628139,52.9019169078535
17.4654570814469,54.9963724996916
34.224530948433,52.4397489312766
-32.5457215645244,53.412943013286
-9.41828044781347,55.5979838662724
-9.17556068761631,55.4719795142792
-9.0168009455755,55.6627234268153
-9.00631281114578,55.7741759895565
-76.9502536105122,32.8648332159959
-76.945632186077,32.8701915128472
-76.344316920422,33.2899875661418
-75.5009840250004,33.4136136839363
-16.9341936002044,-3.39681256796282
-17.0416028857117,-3.53915291919255
-4.91611609170722,18.3240446849329
-20.9866106000337,-7.11203584665247
-16.2963337540889,-3.71533053404209
-17.0982646797344,-3.27302355725385
-24.2005171927046,33.7969439566611
-19.3748782444559,-0.771848788310214
-33.5025408286986,32.8230864162347
-5.39158659586233,17.9059282726544
-5.40045495676275,17.8724865859438
-3.25585846461582,33.1781500857495
5.50330237343784,56.7842184363583
-103.53012969943,34.5726398704189
30.5436329624327,33.4392357087573
30.5449792097644,33.4331134199792
30.9396695611006,33.3970293412432
36.3424828542856,31.5673460913218
14.1229036308215,9.1448914255326
40.4959229497399,-3.04875468990697
-54.2284951960329,35.4913866349567
-51.7313789988571,36.7738136751494
-93.350028883602,27.1963343866552
-65.8149726591214,29.7328945882089
14.5193810351744,9.35248579945275
36.5579128854846,41.9258077051418
38.1047411541281,41.8329324094685
-86.3662151457136,31.9133145469517
-71.6695939745096,36.3964998241421
47.1095848935904,40.379268408763
42.6760997139335,1.59063450559357
-14.117596857441,100.377617725266
-17.9417856363216,99.6372989986845
-18.3728160665068,99.6654140663057
-71.7269449317568,79.6063706165589
-76.6426216208686,76.9898370178001
-109.986939210846,57.0549093136495
9.98308817865838,101.625411216439
-73.9898438561732,78.4359068069825
-75.7389910058816,77.512245155825
-76.4155862862339,77.293487062133
-79.5772620045233,75.4779591343221
-86.3303550966832,71.4730320386122
-123.209015407186,48.1538535197291
-9.9728644730281,101.048639607498
0.973340431151218,55.5213841752169
16.3559432930809,54.719832893793
16.1162477388586,53.9746296543786
16.8861672792803,54.8404206916582
17.3089460043756,54.5041832405357
-9.91132585109911,55.3267827132789
-9.89243591939406,54.9872456962838
-6.68855547432938,55.20139924934
-5.67853395835169,55.4486498574116
17.5665202031024,54.4536945550178
17.582643804972,54.5595662432073
-6.56489495411919,55.2932846223082
-6.19115433895749,55.3293865056916
-6.00377166629943,55.370962631829
-5.48071539847092,55.3873750851624
-65.2269837185439,29.7036559845929
-57.506560160244,30.9946527858789
-17.0686639740338,-3.45620331831573
-17.0272329411458,-3.33888015156568
-12.1931842018969,49.1063155801699
36.8787412595379,46.2631172909132
-88.9175956713632,2.63496919730669
-100.186951268725,81.4270020857384
-99.8576839448597,81.7823104515023
-95.6013633461062,2.2808678807457
-99.358357904859,81.8469989903576
39.1860767916576,42.9317374548863
39.1819028460361,42.9388218613145
41.3563595638268,42.4523373052872
42.2742697961739,42.2139199200288
47.8765088575791,41.2437154696896
48.1674751810513,41.2649649045063
-111.016873988587,64.199537530039
42.1189677885189,42.3252120252488
42.110008706202,42.2842163149278
46.2018421288527,41.654504018557
46.2198252882213,41.6446159488236
46.2211758087073,41.9043720470478
-85.5373058555718,27.109246189626
-56.7622500165476,31.3757142602385
-31.4081490253936,-1.5174617816823
-9.1479157762805,18.3157257046504
-32.1474148440757,-1.62907398034242
-29.5687835692054,118.331702233459
-87.3568024884446,31.9393706286819
-86.216861841748,32.3538487004941
-81.0509757291344,37.1668257739064
-85.4564326430572,34.991170832929
-85.6872524616116,35.0375462919562
-86.0834914035222,34.8684233391851
-16.0798354695173,36.5822363757008
-66.8159238314774,31.2150240237588
-66.8015480184442,31.2869052871832
-89.9576278495955,26.9583570781591
-56.5371153686437,34.0487036308884
-41.8804185366267,37.676475587943
-55.0093351478177,34.9781117711916
-54.2879549795515,35.2475189098793
44.4130109635378,36.272253112423
-3.292740879026,40.3200104638236
-31.6833172428075,0.226285027962878
-95.4809798005058,-0.973774180165636
-78.313432869324,9.31739909666683
49.8437177409054,30.1509575512498
50.5538540073724,29.494247938703
-117.123765131079,63.1789887726162
-65.7929295793774,98.4841351688158
-61.5760056864087,100.831604682086
-38.6885331134012,113.595732122606
-118.39675403633,61.5279323922851
-100.592096776483,6.66036056641608
-96.6962607271566,6.15043246260418
-104.782194422963,4.9681901709415
-102.523763233984,6.51786463237375
-87.1098487186053,6.62486215665171
-46.6686155817475,8.60687832003092
-10.3014004530005,105.264599638862
-16.5051878217916,104.179561331088
-82.5368776494995,38.0242061154002
-78.4945463468955,39.2681906866043
-63.9603719305123,40.0068974651255
37.8376437422474,43.3855596206753
37.8576258195601,43.2779897848329
37.9217135354674,43.3277738141759
42.8475008421467,42.6770658776476
-87.4841253732809,32.8838117151054
42.9793006253794,42.8056528447196
43.1215724418446,42.8054616016299
43.0626753549501,42.7277286879103
48.43362089894,41.6382760433316
-27.4081193372939,51.9194459967131
-27.3461807817004,52.0252443681884
-27.2388210778027,52.2095561753958
-27.0640637216569,52.1992826585779
-27.1260054436271,52.0555724868044
-84.2691950958992,39.6065109481185
-18.939792487731,-0.895705490013755
17.2790553406164,54.9722698701389
-0.717999759123927,55.9399147847714
15.8408856499471,55.3311920890964
16.1933666618191,55.2501489620115
16.4218477881646,55.0253409158233
-1.66414291049585,55.1584607735516
-6.25804788578131,55.1540950269636
17.7392319959361,54.4800711007914
17.9087105916225,54.6305712944442
18.5824664556632,54.6426071772189
34.1182893453406,52.7298446583899
17.8893425069837,53.7234170024495
-116.420626750252,37.6651971674172
-13.7488049611642,41.0876368917828
-13.7028303317342,41.1029171028843
85.199863240405,25.4333430905875
62.4532301752604,29.4929375323458
46.7976965813059,28.9475066911421
94.3514817164202,33.3819068816701
117.582210995078,25.8330847185618
117.789627178361,25.714550514211
16.6333126893943,52.7785498202257
-8.43886337102212,54.0928510616651
-3.12756882010795,53.925656148271
-84.8078906539259,29.6442050121774
4.98477494874571,41.6643212226566
6.40706252451618,41.8759160831777
-51.8913915116169,37.06238920304
-91.3317891760863,28.8199747082508
-74.2401591336048,33.2419017040603
118.400589769457,-0.141895770362212
47.7656491833602,34.6137684881184
38.4747014974999,36.6597363779654
45.6263733878211,35.7395547117995
52.3280905317735,34.7600282147997
88.6331555326725,27.2479214502795
34.6813853181321,34.997597604707
-93.1407447884566,26.7056038928451
-113.895435855853,62.9496032457189
-116.145919946056,63.1292174888908
-65.1043148703125,99.7572704184831
-53.0006127679608,103.770668486946
-63.7983967291366,97.4123841869852
-84.4946563486009,87.8021215817548
-84.7361747868748,45.9373422074439
17.4591234177409,77.3043352494349
30.8270461299022,74.9407377454068
-79.928962405784,47.6601213741512
-24.8801663403009,33.1756609450692
7.57449441951428,33.439406715728
-28.4053997746534,54.6581668703011
-24.6555756995921,32.8951055480241
44.7669426415113,114.051235102008
-37.9501370533433,19.1946622856241
94.8470471734714,84.0734391779611
114.789694299071,71.1860735962465
113.879567544977,70.395328912194
-88.9088072230471,70.7037300521563
-80.8320559715025,76.2975887212981
-21.0572869835052,100.530282222829
-87.061428387711,71.7550550641095
-70.9075731037635,81.6423270590942
-80.9637650507814,76.1535011812008
-120.078972291639,51.8655690162156
-125.335000558162,48.0410854719924
-78.0506324429995,76.9655771857609
-71.8654832434435,81.1755041868877
-120.648488060742,51.4229669156325
-77.5312931332241,77.2308219390913
-67.2510290605555,67.8973636760411
39.9678116397377,91.3775344633234
18.2694062388546,94.0032654958201
38.5136103882526,89.5963290130287
57.9441905133618,83.2152539801296
55.222189245726,85.1272043285972
-23.8228355468062,64.0392676832446
113.979126136031,70.3334965289796
82.2625041990762,21.476197609263
94.0394126431786,70.287064499019
90.2008239546235,81.5958870680248
89.9048625857965,81.7343994396854
89.9085403711435,81.7316386996985
-5.2927970500078,65.4592002305257
94.1526908580083,70.0129672671885
35.3978896748256,61.9940812958422
95.5411045513832,68.2522802611289
94.1985188205368,70.4351322209681
89.1021323887239,81.7806001072738
89.1482464729447,81.675431055569
89.148377233975,81.6723627540254
111.363667755733,40.3713207710685
95.3045200178134,68.5046632352736
-117.038946822586,63.1657413110422
-103.4834602633,74.2615599620895
-117.025410639853,63.7868310206369
-109.270782954716,49.0715674578521
-110.895408024108,49.1242146039042
81.7645937854597,20.439804970703
44.2391389319189,93.9213732360829
